year,month,subscribe,gender,count
2013,1,0,10,M,0
2013,1,0,10,F,0
2013,1,0,10,NA,0
2013,1,0,20,M,0
2013,1,0,20,F,0
2013,1,0,20,NA,0
2013,1,0,30,M,0
2013,1,0,30,F,0
2013,1,0,30,NA,0
2013,1,0,40,M,0
2013,1,0,40,F,0
2013,1,0,40,NA,0
2013,1,0,50,M,0
2013,1,0,50,F,0
2013,1,0,50,NA,0
2013,1,0,60,M,0
2013,1,0,60,F,0
2013,1,0,60,NA,0
2013,1,0,70,M,0
2013,1,0,70,F,0
2013,1,0,70,NA,0
2013,1,0,>70,M,0
2013,1,0,>70,F,0
2013,1,0,>70,NA,0
2013,1,0,NA,M,0
2013,1,0,NA,F,0
2013,1,0,NA,NA,0
2013,1,1,10,M,0
2013,1,1,10,F,0
2013,1,1,10,NA,0
2013,1,1,20,M,0
2013,1,1,20,F,0
2013,1,1,20,NA,0
2013,1,1,30,M,0
2013,1,1,30,F,0
2013,1,1,30,NA,0
2013,1,1,40,M,0
2013,1,1,40,F,0
2013,1,1,40,NA,0
2013,1,1,50,M,0
2013,1,1,50,F,0
2013,1,1,50,NA,0
2013,1,1,60,M,0
2013,1,1,60,F,0
2013,1,1,60,NA,0
2013,1,1,70,M,0
2013,1,1,70,F,0
2013,1,1,70,NA,0
2013,1,1,>70,M,0
2013,1,1,>70,F,0
2013,1,1,>70,NA,0
2013,1,1,NA,M,0
2013,1,1,NA,F,0
2013,1,1,NA,NA,0
2013,2,0,10,M,0
2013,2,0,10,F,0
2013,2,0,10,NA,0
2013,2,0,20,M,0
2013,2,0,20,F,0
2013,2,0,20,NA,0
2013,2,0,30,M,0
2013,2,0,30,F,0
2013,2,0,30,NA,0
2013,2,0,40,M,0
2013,2,0,40,F,0
2013,2,0,40,NA,0
2013,2,0,50,M,0
2013,2,0,50,F,0
2013,2,0,50,NA,0
2013,2,0,60,M,0
2013,2,0,60,F,0
2013,2,0,60,NA,0
2013,2,0,70,M,0
2013,2,0,70,F,0
2013,2,0,70,NA,0
2013,2,0,>70,M,0
2013,2,0,>70,F,0
2013,2,0,>70,NA,0
2013,2,0,NA,M,0
2013,2,0,NA,F,0
2013,2,0,NA,NA,0
2013,2,1,10,M,0
2013,2,1,10,F,0
2013,2,1,10,NA,0
2013,2,1,20,M,0
2013,2,1,20,F,0
2013,2,1,20,NA,0
2013,2,1,30,M,0
2013,2,1,30,F,0
2013,2,1,30,NA,0
2013,2,1,40,M,0
2013,2,1,40,F,0
2013,2,1,40,NA,0
2013,2,1,50,M,0
2013,2,1,50,F,0
2013,2,1,50,NA,0
2013,2,1,60,M,0
2013,2,1,60,F,0
2013,2,1,60,NA,0
2013,2,1,70,M,0
2013,2,1,70,F,0
2013,2,1,70,NA,0
2013,2,1,>70,M,0
2013,2,1,>70,F,0
2013,2,1,>70,NA,0
2013,2,1,NA,M,0
2013,2,1,NA,F,0
2013,2,1,NA,NA,0
2013,3,0,10,M,0
2013,3,0,10,F,0
2013,3,0,10,NA,0
2013,3,0,20,M,0
2013,3,0,20,F,0
2013,3,0,20,NA,0
2013,3,0,30,M,0
2013,3,0,30,F,0
2013,3,0,30,NA,0
2013,3,0,40,M,0
2013,3,0,40,F,0
2013,3,0,40,NA,0
2013,3,0,50,M,0
2013,3,0,50,F,0
2013,3,0,50,NA,0
2013,3,0,60,M,0
2013,3,0,60,F,0
2013,3,0,60,NA,0
2013,3,0,70,M,0
2013,3,0,70,F,0
2013,3,0,70,NA,0
2013,3,0,>70,M,0
2013,3,0,>70,F,0
2013,3,0,>70,NA,0
2013,3,0,NA,M,0
2013,3,0,NA,F,0
2013,3,0,NA,NA,0
2013,3,1,10,M,0
2013,3,1,10,F,0
2013,3,1,10,NA,0
2013,3,1,20,M,0
2013,3,1,20,F,0
2013,3,1,20,NA,0
2013,3,1,30,M,0
2013,3,1,30,F,0
2013,3,1,30,NA,0
2013,3,1,40,M,0
2013,3,1,40,F,0
2013,3,1,40,NA,0
2013,3,1,50,M,0
2013,3,1,50,F,0
2013,3,1,50,NA,0
2013,3,1,60,M,0
2013,3,1,60,F,0
2013,3,1,60,NA,0
2013,3,1,70,M,0
2013,3,1,70,F,0
2013,3,1,70,NA,0
2013,3,1,>70,M,0
2013,3,1,>70,F,0
2013,3,1,>70,NA,0
2013,3,1,NA,M,0
2013,3,1,NA,F,0
2013,3,1,NA,NA,0
2013,4,0,10,M,0
2013,4,0,10,F,0
2013,4,0,10,NA,0
2013,4,0,20,M,0
2013,4,0,20,F,0
2013,4,0,20,NA,0
2013,4,0,30,M,0
2013,4,0,30,F,0
2013,4,0,30,NA,0
2013,4,0,40,M,0
2013,4,0,40,F,0
2013,4,0,40,NA,0
2013,4,0,50,M,0
2013,4,0,50,F,0
2013,4,0,50,NA,0
2013,4,0,60,M,0
2013,4,0,60,F,0
2013,4,0,60,NA,0
2013,4,0,70,M,0
2013,4,0,70,F,0
2013,4,0,70,NA,0
2013,4,0,>70,M,0
2013,4,0,>70,F,0
2013,4,0,>70,NA,0
2013,4,0,NA,M,0
2013,4,0,NA,F,0
2013,4,0,NA,NA,0
2013,4,1,10,M,0
2013,4,1,10,F,0
2013,4,1,10,NA,0
2013,4,1,20,M,0
2013,4,1,20,F,0
2013,4,1,20,NA,0
2013,4,1,30,M,0
2013,4,1,30,F,0
2013,4,1,30,NA,0
2013,4,1,40,M,0
2013,4,1,40,F,0
2013,4,1,40,NA,0
2013,4,1,50,M,0
2013,4,1,50,F,0
2013,4,1,50,NA,0
2013,4,1,60,M,0
2013,4,1,60,F,0
2013,4,1,60,NA,0
2013,4,1,70,M,0
2013,4,1,70,F,0
2013,4,1,70,NA,0
2013,4,1,>70,M,0
2013,4,1,>70,F,0
2013,4,1,>70,NA,0
2013,4,1,NA,M,0
2013,4,1,NA,F,0
2013,4,1,NA,NA,0
2013,5,0,10,M,0
2013,5,0,10,F,0
2013,5,0,10,NA,0
2013,5,0,20,M,0
2013,5,0,20,F,0
2013,5,0,20,NA,0
2013,5,0,30,M,0
2013,5,0,30,F,0
2013,5,0,30,NA,0
2013,5,0,40,M,0
2013,5,0,40,F,0
2013,5,0,40,NA,0
2013,5,0,50,M,0
2013,5,0,50,F,0
2013,5,0,50,NA,0
2013,5,0,60,M,0
2013,5,0,60,F,0
2013,5,0,60,NA,0
2013,5,0,70,M,0
2013,5,0,70,F,0
2013,5,0,70,NA,0
2013,5,0,>70,M,0
2013,5,0,>70,F,0
2013,5,0,>70,NA,0
2013,5,0,NA,M,0
2013,5,0,NA,F,0
2013,5,0,NA,NA,0
2013,5,1,10,M,0
2013,5,1,10,F,0
2013,5,1,10,NA,0
2013,5,1,20,M,0
2013,5,1,20,F,0
2013,5,1,20,NA,0
2013,5,1,30,M,0
2013,5,1,30,F,0
2013,5,1,30,NA,0
2013,5,1,40,M,0
2013,5,1,40,F,0
2013,5,1,40,NA,0
2013,5,1,50,M,0
2013,5,1,50,F,0
2013,5,1,50,NA,0
2013,5,1,60,M,0
2013,5,1,60,F,0
2013,5,1,60,NA,0
2013,5,1,70,M,0
2013,5,1,70,F,0
2013,5,1,70,NA,0
2013,5,1,>70,M,0
2013,5,1,>70,F,0
2013,5,1,>70,NA,0
2013,5,1,NA,M,0
2013,5,1,NA,F,0
2013,5,1,NA,NA,0
2013,6,0,10,M,0
2013,6,0,10,F,0
2013,6,0,10,NA,0
2013,6,0,20,M,0
2013,6,0,20,F,0
2013,6,0,20,NA,0
2013,6,0,30,M,0
2013,6,0,30,F,0
2013,6,0,30,NA,0
2013,6,0,40,M,0
2013,6,0,40,F,0
2013,6,0,40,NA,0
2013,6,0,50,M,0
2013,6,0,50,F,0
2013,6,0,50,NA,0
2013,6,0,60,M,0
2013,6,0,60,F,0
2013,6,0,60,NA,0
2013,6,0,70,M,0
2013,6,0,70,F,0
2013,6,0,70,NA,0
2013,6,0,>70,M,0
2013,6,0,>70,F,0
2013,6,0,>70,NA,0
2013,6,0,NA,M,0
2013,6,0,NA,F,0
2013,6,0,NA,NA,0
2013,6,1,10,M,0
2013,6,1,10,F,0
2013,6,1,10,NA,0
2013,6,1,20,M,0
2013,6,1,20,F,0
2013,6,1,20,NA,0
2013,6,1,30,M,0
2013,6,1,30,F,0
2013,6,1,30,NA,0
2013,6,1,40,M,0
2013,6,1,40,F,0
2013,6,1,40,NA,0
2013,6,1,50,M,0
2013,6,1,50,F,0
2013,6,1,50,NA,0
2013,6,1,60,M,0
2013,6,1,60,F,0
2013,6,1,60,NA,0
2013,6,1,70,M,0
2013,6,1,70,F,0
2013,6,1,70,NA,0
2013,6,1,>70,M,0
2013,6,1,>70,F,0
2013,6,1,>70,NA,0
2013,6,1,NA,M,0
2013,6,1,NA,F,0
2013,6,1,NA,NA,0
2013,7,0,10,M,0
2013,7,0,10,F,0
2013,7,0,10,NA,0
2013,7,0,20,M,0
2013,7,0,20,F,0
2013,7,0,20,NA,0
2013,7,0,30,M,0
2013,7,0,30,F,0
2013,7,0,30,NA,0
2013,7,0,40,M,0
2013,7,0,40,F,0
2013,7,0,40,NA,0
2013,7,0,50,M,0
2013,7,0,50,F,0
2013,7,0,50,NA,0
2013,7,0,60,M,0
2013,7,0,60,F,0
2013,7,0,60,NA,0
2013,7,0,70,M,0
2013,7,0,70,F,0
2013,7,0,70,NA,0
2013,7,0,>70,M,0
2013,7,0,>70,F,0
2013,7,0,>70,NA,0
2013,7,0,NA,M,0
2013,7,0,NA,F,0
2013,7,0,NA,NA,174915
2013,7,1,10,M,0
2013,7,1,10,F,0
2013,7,1,10,NA,0
2013,7,1,20,M,1998
2013,7,1,20,F,880
2013,7,1,20,NA,4
2013,7,1,30,M,120721
2013,7,1,30,F,48741
2013,7,1,30,NA,0
2013,7,1,40,M,192462
2013,7,1,40,F,57438
2013,7,1,40,NA,0
2013,7,1,50,M,116942
2013,7,1,50,F,28552
2013,7,1,50,NA,0
2013,7,1,60,M,59546
2013,7,1,60,F,17258
2013,7,1,60,NA,0
2013,7,1,70,M,17793
2013,7,1,70,F,3731
2013,7,1,70,NA,38
2013,7,1,>70,M,1905
2013,7,1,>70,F,377
2013,7,1,>70,NA,0
2013,7,1,NA,M,87
2013,7,1,NA,F,28
2013,7,1,NA,NA,0
2013,8,0,10,M,0
2013,8,0,10,F,0
2013,8,0,10,NA,0
2013,8,0,20,M,0
2013,8,0,20,F,0
2013,8,0,20,NA,0
2013,8,0,30,M,0
2013,8,0,30,F,0
2013,8,0,30,NA,0
2013,8,0,40,M,0
2013,8,0,40,F,0
2013,8,0,40,NA,0
2013,8,0,50,M,0
2013,8,0,50,F,0
2013,8,0,50,NA,0
2013,8,0,60,M,0
2013,8,0,60,F,0
2013,8,0,60,NA,0
2013,8,0,70,M,0
2013,8,0,70,F,0
2013,8,0,70,NA,0
2013,8,0,>70,M,0
2013,8,0,>70,F,0
2013,8,0,>70,NA,0
2013,8,0,NA,M,0
2013,8,0,NA,F,0
2013,8,0,NA,NA,186056
2013,8,1,10,M,0
2013,8,1,10,F,0
2013,8,1,10,NA,0
2013,8,1,20,M,2598
2013,8,1,20,F,936
2013,8,1,20,NA,2
2013,8,1,30,M,153789
2013,8,1,30,F,64522
2013,8,1,30,NA,0
2013,8,1,40,M,230250
2013,8,1,40,F,74132
2013,8,1,40,NA,0
2013,8,1,50,M,135458
2013,8,1,50,F,33416
2013,8,1,50,NA,13
2013,8,1,60,M,70624
2013,8,1,60,F,21137
2013,8,1,60,NA,0
2013,8,1,70,M,21701
2013,8,1,70,F,4368
2013,8,1,70,NA,37
2013,8,1,>70,M,2384
2013,8,1,>70,F,405
2013,8,1,>70,NA,0
2013,8,1,NA,M,98
2013,8,1,NA,F,32
2013,8,1,NA,NA,0
2013,9,0,10,M,0
2013,9,0,10,F,0
2013,9,0,10,NA,0
2013,9,0,20,M,0
2013,9,0,20,F,0
2013,9,0,20,NA,0
2013,9,0,30,M,0
2013,9,0,30,F,0
2013,9,0,30,NA,0
2013,9,0,40,M,0
2013,9,0,40,F,0
2013,9,0,40,NA,0
2013,9,0,50,M,0
2013,9,0,50,F,0
2013,9,0,50,NA,0
2013,9,0,60,M,0
2013,9,0,60,F,0
2013,9,0,60,NA,0
2013,9,0,70,M,0
2013,9,0,70,F,0
2013,9,0,70,NA,0
2013,9,0,>70,M,0
2013,9,0,>70,F,0
2013,9,0,>70,NA,0
2013,9,0,NA,M,0
2013,9,0,NA,F,0
2013,9,0,NA,NA,145169
2013,9,1,10,M,0
2013,9,1,10,F,0
2013,9,1,10,NA,0
2013,9,1,20,M,5360
2013,9,1,20,F,1721
2013,9,1,20,NA,3
2013,9,1,30,M,173545
2013,9,1,30,F,71511
2013,9,1,30,NA,12
2013,9,1,40,M,232900
2013,9,1,40,F,75943
2013,9,1,40,NA,0
2013,9,1,50,M,150598
2013,9,1,50,F,39574
2013,9,1,50,NA,15
2013,9,1,60,M,80566
2013,9,1,60,F,24943
2013,9,1,60,NA,0
2013,9,1,70,M,24033
2013,9,1,70,F,5257
2013,9,1,70,NA,30
2013,9,1,>70,M,2645
2013,9,1,>70,F,417
2013,9,1,>70,NA,0
2013,9,1,NA,M,83
2013,9,1,NA,F,34
2013,9,1,NA,NA,0
2013,10,0,10,M,0
2013,10,0,10,F,0
2013,10,0,10,NA,0
2013,10,0,20,M,0
2013,10,0,20,F,0
2013,10,0,20,NA,0
2013,10,0,30,M,0
2013,10,0,30,F,0
2013,10,0,30,NA,0
2013,10,0,40,M,0
2013,10,0,40,F,0
2013,10,0,40,NA,0
2013,10,0,50,M,0
2013,10,0,50,F,0
2013,10,0,50,NA,0
2013,10,0,60,M,0
2013,10,0,60,F,0
2013,10,0,60,NA,0
2013,10,0,70,M,0
2013,10,0,70,F,0
2013,10,0,70,NA,0
2013,10,0,>70,M,0
2013,10,0,>70,F,0
2013,10,0,>70,NA,0
2013,10,0,NA,M,0
2013,10,0,NA,F,0
2013,10,0,NA,NA,97446
2013,10,1,10,M,0
2013,10,1,10,F,0
2013,10,1,10,NA,0
2013,10,1,20,M,7532
2013,10,1,20,F,1931
2013,10,1,20,NA,1
2013,10,1,30,M,189672
2013,10,1,30,F,75101
2013,10,1,30,NA,2
2013,10,1,40,M,240534
2013,10,1,40,F,75773
2013,10,1,40,NA,0
2013,10,1,50,M,160847
2013,10,1,50,F,40716
2013,10,1,50,NA,18
2013,10,1,60,M,87140
2013,10,1,60,F,26456
2013,10,1,60,NA,0
2013,10,1,70,M,25860
2013,10,1,70,F,5450
2013,10,1,70,NA,32
2013,10,1,>70,M,2658
2013,10,1,>70,F,482
2013,10,1,>70,NA,0
2013,10,1,NA,M,49
2013,10,1,NA,F,12
2013,10,1,NA,NA,0
2013,11,0,10,M,0
2013,11,0,10,F,0
2013,11,0,10,NA,0
2013,11,0,20,M,0
2013,11,0,20,F,0
2013,11,0,20,NA,0
2013,11,0,30,M,0
2013,11,0,30,F,0
2013,11,0,30,NA,0
2013,11,0,40,M,0
2013,11,0,40,F,0
2013,11,0,40,NA,0
2013,11,0,50,M,0
2013,11,0,50,F,0
2013,11,0,50,NA,0
2013,11,0,60,M,0
2013,11,0,60,F,0
2013,11,0,60,NA,0
2013,11,0,70,M,0
2013,11,0,70,F,0
2013,11,0,70,NA,0
2013,11,0,>70,M,0
2013,11,0,>70,F,0
2013,11,0,>70,NA,0
2013,11,0,NA,M,0
2013,11,0,NA,F,0
2013,11,0,NA,NA,43973
2013,11,1,10,M,0
2013,11,1,10,F,0
2013,11,1,10,NA,0
2013,11,1,20,M,5384
2013,11,1,20,F,1500
2013,11,1,20,NA,0
2013,11,1,30,M,128928
2013,11,1,30,F,47907
2013,11,1,30,NA,7
2013,11,1,40,M,159310
2013,11,1,40,F,46368
2013,11,1,40,NA,0
2013,11,1,50,M,110881
2013,11,1,50,F,26735
2013,11,1,50,NA,20
2013,11,1,60,M,62264
2013,11,1,60,F,18156
2013,11,1,60,NA,0
2013,11,1,70,M,18678
2013,11,1,70,F,3390
2013,11,1,70,NA,18
2013,11,1,>70,M,1919
2013,11,1,>70,F,309
2013,11,1,>70,NA,0
2013,11,1,NA,M,21
2013,11,1,NA,F,6
2013,11,1,NA,NA,0
2013,12,0,10,M,0
2013,12,0,10,F,0
2013,12,0,10,NA,0
2013,12,0,20,M,0
2013,12,0,20,F,0
2013,12,0,20,NA,0
2013,12,0,30,M,0
2013,12,0,30,F,0
2013,12,0,30,NA,0
2013,12,0,40,M,0
2013,12,0,40,F,0
2013,12,0,40,NA,0
2013,12,0,50,M,0
2013,12,0,50,F,0
2013,12,0,50,NA,0
2013,12,0,60,M,0
2013,12,0,60,F,0
2013,12,0,60,NA,0
2013,12,0,70,M,0
2013,12,0,70,F,0
2013,12,0,70,NA,0
2013,12,0,>70,M,0
2013,12,0,>70,F,0
2013,12,0,>70,NA,0
2013,12,0,NA,M,0
2013,12,0,NA,F,0
2013,12,0,NA,NA,19381
2013,12,1,10,M,0
2013,12,1,10,F,0
2013,12,1,10,NA,0
2013,12,1,20,M,3050
2013,12,1,20,F,874
2013,12,1,20,NA,0
2013,12,1,30,M,85725
2013,12,1,30,F,26680
2013,12,1,30,NA,5
2013,12,1,40,M,107065
2013,12,1,40,F,28618
2013,12,1,40,NA,0
2013,12,1,50,M,78178
2013,12,1,50,F,17309
2013,12,1,50,NA,8
2013,12,1,60,M,45854
2013,12,1,60,F,12897
2013,12,1,60,NA,0
2013,12,1,70,M,14177
2013,12,1,70,F,2436
2013,12,1,70,NA,1
2013,12,1,>70,M,1528
2013,12,1,>70,F,165
2013,12,1,>70,NA,0
2013,12,1,NA,M,9
2013,12,1,NA,F,6
2013,12,1,NA,NA,0
2014,1,0,10,M,0
2014,1,0,10,F,0
2014,1,0,10,NA,0
2014,1,0,20,M,0
2014,1,0,20,F,0
2014,1,0,20,NA,0
2014,1,0,30,M,0
2014,1,0,30,F,0
2014,1,0,30,NA,0
2014,1,0,40,M,0
2014,1,0,40,F,0
2014,1,0,40,NA,0
2014,1,0,50,M,0
2014,1,0,50,F,0
2014,1,0,50,NA,0
2014,1,0,60,M,0
2014,1,0,60,F,0
2014,1,0,60,NA,0
2014,1,0,70,M,0
2014,1,0,70,F,0
2014,1,0,70,NA,0
2014,1,0,>70,M,0
2014,1,0,>70,F,0
2014,1,0,>70,NA,0
2014,1,0,NA,M,0
2014,1,0,NA,F,0
2014,1,0,NA,NA,7254
2014,1,1,10,M,0
2014,1,1,10,F,0
2014,1,1,10,NA,0
2014,1,1,20,M,1215
2014,1,1,20,F,345
2014,1,1,20,NA,0
2014,1,1,30,M,49285
2014,1,1,30,F,14635
2014,1,1,30,NA,4
2014,1,1,40,M,79720
2014,1,1,40,F,19323
2014,1,1,40,NA,0
2014,1,1,50,M,58157
2014,1,1,50,F,11940
2014,1,1,50,NA,1
2014,1,1,60,M,35335
2014,1,1,60,F,8518
2014,1,1,60,NA,0
2014,1,1,70,M,11217
2014,1,1,70,F,2108
2014,1,1,70,NA,10
2014,1,1,>70,M,1165
2014,1,1,>70,F,155
2014,1,1,>70,NA,0
2014,1,1,NA,M,12
2014,1,1,NA,F,1
2014,1,1,NA,NA,0
2014,2,0,10,M,0
2014,2,0,10,F,0
2014,2,0,10,NA,0
2014,2,0,20,M,0
2014,2,0,20,F,0
2014,2,0,20,NA,0
2014,2,0,30,M,0
2014,2,0,30,F,0
2014,2,0,30,NA,0
2014,2,0,40,M,0
2014,2,0,40,F,0
2014,2,0,40,NA,0
2014,2,0,50,M,0
2014,2,0,50,F,0
2014,2,0,50,NA,0
2014,2,0,60,M,0
2014,2,0,60,F,0
2014,2,0,60,NA,0
2014,2,0,70,M,0
2014,2,0,70,F,0
2014,2,0,70,NA,0
2014,2,0,>70,M,0
2014,2,0,>70,F,0
2014,2,0,>70,NA,0
2014,2,0,NA,M,0
2014,2,0,NA,F,0
2014,2,0,NA,NA,6717
2014,2,1,10,M,0
2014,2,1,10,F,0
2014,2,1,10,NA,0
2014,2,1,20,M,1065
2014,2,1,20,F,351
2014,2,1,20,NA,0
2014,2,1,30,M,41887
2014,2,1,30,F,11792
2014,2,1,30,NA,8
2014,2,1,40,M,58993
2014,2,1,40,F,13925
2014,2,1,40,NA,0
2014,2,1,50,M,40870
2014,2,1,50,F,7935
2014,2,1,50,NA,0
2014,2,1,60,M,24682
2014,2,1,60,F,5965
2014,2,1,60,NA,0
2014,2,1,70,M,8179
2014,2,1,70,F,1425
2014,2,1,70,NA,6
2014,2,1,>70,M,844
2014,2,1,>70,F,84
2014,2,1,>70,NA,0
2014,2,1,NA,M,6
2014,2,1,NA,F,2
2014,2,1,NA,NA,0
2014,3,0,10,M,0
2014,3,0,10,F,0
2014,3,0,10,NA,0
2014,3,0,20,M,0
2014,3,0,20,F,0
2014,3,0,20,NA,0
2014,3,0,30,M,0
2014,3,0,30,F,0
2014,3,0,30,NA,0
2014,3,0,40,M,0
2014,3,0,40,F,0
2014,3,0,40,NA,0
2014,3,0,50,M,0
2014,3,0,50,F,0
2014,3,0,50,NA,0
2014,3,0,60,M,0
2014,3,0,60,F,0
2014,3,0,60,NA,0
2014,3,0,70,M,0
2014,3,0,70,F,0
2014,3,0,70,NA,0
2014,3,0,>70,M,0
2014,3,0,>70,F,0
2014,3,0,>70,NA,0
2014,3,0,NA,M,0
2014,3,0,NA,F,0
2014,3,0,NA,NA,22882
2014,3,1,10,M,0
2014,3,1,10,F,0
2014,3,1,10,NA,0
2014,3,1,20,M,1960
2014,3,1,20,F,610
2014,3,1,20,NA,11
2014,3,1,30,M,74228
2014,3,1,30,F,24402
2014,3,1,30,NA,30
2014,3,1,40,M,111228
2014,3,1,40,F,29026
2014,3,1,40,NA,0
2014,3,1,50,M,78247
2014,3,1,50,F,16707
2014,3,1,50,NA,0
2014,3,1,60,M,47736
2014,3,1,60,F,11670
2014,3,1,60,NA,0
2014,3,1,70,M,15385
2014,3,1,70,F,2942
2014,3,1,70,NA,3
2014,3,1,>70,M,1761
2014,3,1,>70,F,265
2014,3,1,>70,NA,0
2014,3,1,NA,M,22
2014,3,1,NA,F,2
2014,3,1,NA,NA,0
2014,4,0,10,M,0
2014,4,0,10,F,0
2014,4,0,10,NA,0
2014,4,0,20,M,0
2014,4,0,20,F,0
2014,4,0,20,NA,0
2014,4,0,30,M,0
2014,4,0,30,F,0
2014,4,0,30,NA,0
2014,4,0,40,M,0
2014,4,0,40,F,0
2014,4,0,40,NA,0
2014,4,0,50,M,0
2014,4,0,50,F,0
2014,4,0,50,NA,0
2014,4,0,60,M,0
2014,4,0,60,F,0
2014,4,0,60,NA,0
2014,4,0,70,M,0
2014,4,0,70,F,0
2014,4,0,70,NA,0
2014,4,0,>70,M,0
2014,4,0,>70,F,0
2014,4,0,>70,NA,0
2014,4,0,NA,M,0
2014,4,0,NA,F,0
2014,4,0,NA,NA,63047
2014,4,1,10,M,0
2014,4,1,10,F,0
2014,4,1,10,NA,0
2014,4,1,20,M,2712
2014,4,1,20,F,711
2014,4,1,20,NA,31
2014,4,1,30,M,113269
2014,4,1,30,F,39731
2014,4,1,30,NA,9
2014,4,1,40,M,161206
2014,4,1,40,F,46550
2014,4,1,40,NA,0
2014,4,1,50,M,108773
2014,4,1,50,F,25578
2014,4,1,50,NA,1
2014,4,1,60,M,64325
2014,4,1,60,F,17193
2014,4,1,60,NA,0
2014,4,1,70,M,20653
2014,4,1,70,F,4129
2014,4,1,70,NA,24
2014,4,1,>70,M,2405
2014,4,1,>70,F,371
2014,4,1,>70,NA,0
2014,4,1,NA,M,52
2014,4,1,NA,F,10
2014,4,1,NA,NA,0
2014,5,0,10,M,0
2014,5,0,10,F,0
2014,5,0,10,NA,0
2014,5,0,20,M,0
2014,5,0,20,F,0
2014,5,0,20,NA,0
2014,5,0,30,M,0
2014,5,0,30,F,0
2014,5,0,30,NA,0
2014,5,0,40,M,0
2014,5,0,40,F,0
2014,5,0,40,NA,0
2014,5,0,50,M,0
2014,5,0,50,F,0
2014,5,0,50,NA,0
2014,5,0,60,M,0
2014,5,0,60,F,0
2014,5,0,60,NA,0
2014,5,0,70,M,0
2014,5,0,70,F,0
2014,5,0,70,NA,0
2014,5,0,>70,M,0
2014,5,0,>70,F,0
2014,5,0,>70,NA,0
2014,5,0,NA,M,0
2014,5,0,NA,F,0
2014,5,0,NA,NA,107551
2014,5,1,10,M,0
2014,5,1,10,F,0
2014,5,1,10,NA,0
2014,5,1,20,M,3573
2014,5,1,20,F,1055
2014,5,1,20,NA,35
2014,5,1,30,M,141867
2014,5,1,30,F,52108
2014,5,1,30,NA,4
2014,5,1,40,M,201017
2014,5,1,40,F,60172
2014,5,1,40,NA,0
2014,5,1,50,M,132621
2014,5,1,50,F,33778
2014,5,1,50,NA,3
2014,5,1,60,M,77523
2014,5,1,60,F,21879
2014,5,1,60,NA,0
2014,5,1,70,M,23971
2014,5,1,70,F,5397
2014,5,1,70,NA,24
2014,5,1,>70,M,2980
2014,5,1,>70,F,408
2014,5,1,>70,NA,0
2014,5,1,NA,M,140
2014,5,1,NA,F,11
2014,5,1,NA,NA,0
2014,6,0,10,M,0
2014,6,0,10,F,0
2014,6,0,10,NA,0
2014,6,0,20,M,0
2014,6,0,20,F,0
2014,6,0,20,NA,0
2014,6,0,30,M,0
2014,6,0,30,F,0
2014,6,0,30,NA,0
2014,6,0,40,M,0
2014,6,0,40,F,0
2014,6,0,40,NA,0
2014,6,0,50,M,0
2014,6,0,50,F,0
2014,6,0,50,NA,0
2014,6,0,60,M,0
2014,6,0,60,F,0
2014,6,0,60,NA,0
2014,6,0,70,M,0
2014,6,0,70,F,0
2014,6,0,70,NA,0
2014,6,0,>70,M,0
2014,6,0,>70,F,0
2014,6,0,>70,NA,0
2014,6,0,NA,M,0
2014,6,0,NA,F,0
2014,6,0,NA,NA,118205
2014,6,1,10,M,0
2014,6,1,10,F,0
2014,6,1,10,NA,0
2014,6,1,20,M,4095
2014,6,1,20,F,1172
2014,6,1,20,NA,136
2014,6,1,30,M,153148
2014,6,1,30,F,60139
2014,6,1,30,NA,6
2014,6,1,40,M,215959
2014,6,1,40,F,69654
2014,6,1,40,NA,0
2014,6,1,50,M,137777
2014,6,1,50,F,36614
2014,6,1,50,NA,0
2014,6,1,60,M,81539
2014,6,1,60,F,23348
2014,6,1,60,NA,0
2014,6,1,70,M,25336
2014,6,1,70,F,6272
2014,6,1,70,NA,21
2014,6,1,>70,M,2968
2014,6,1,>70,F,366
2014,6,1,>70,NA,0
2014,6,1,NA,M,119
2014,6,1,NA,F,6
2014,6,1,NA,NA,0
2014,7,0,10,M,0
2014,7,0,10,F,0
2014,7,0,10,NA,0
2014,7,0,20,M,0
2014,7,0,20,F,0
2014,7,0,20,NA,0
2014,7,0,30,M,0
2014,7,0,30,F,0
2014,7,0,30,NA,0
2014,7,0,40,M,0
2014,7,0,40,F,0
2014,7,0,40,NA,0
2014,7,0,50,M,0
2014,7,0,50,F,0
2014,7,0,50,NA,0
2014,7,0,60,M,0
2014,7,0,60,F,0
2014,7,0,60,NA,0
2014,7,0,70,M,0
2014,7,0,70,F,0
2014,7,0,70,NA,0
2014,7,0,>70,M,0
2014,7,0,>70,F,0
2014,7,0,>70,NA,0
2014,7,0,NA,M,0
2014,7,0,NA,F,0
2014,7,0,NA,NA,119064
2014,7,1,10,M,0
2014,7,1,10,F,0
2014,7,1,10,NA,0
2014,7,1,20,M,4158
2014,7,1,20,F,1170
2014,7,1,20,NA,203
2014,7,1,30,M,162128
2014,7,1,30,F,64125
2014,7,1,30,NA,4
2014,7,1,40,M,225852
2014,7,1,40,F,71134
2014,7,1,40,NA,0
2014,7,1,50,M,141045
2014,7,1,50,F,35779
2014,7,1,50,NA,0
2014,7,1,60,M,84993
2014,7,1,60,F,23192
2014,7,1,60,NA,0
2014,7,1,70,M,26402
2014,7,1,70,F,6405
2014,7,1,70,NA,0
2014,7,1,>70,M,2695
2014,7,1,>70,F,320
2014,7,1,>70,NA,0
2014,7,1,NA,M,165
2014,7,1,NA,F,8
2014,7,1,NA,NA,0
2014,8,0,10,M,0
2014,8,0,10,F,0
2014,8,0,10,NA,0
2014,8,0,20,M,0
2014,8,0,20,F,0
2014,8,0,20,NA,0
2014,8,0,30,M,0
2014,8,0,30,F,0
2014,8,0,30,NA,0
2014,8,0,40,M,0
2014,8,0,40,F,0
2014,8,0,40,NA,0
2014,8,0,50,M,0
2014,8,0,50,F,0
2014,8,0,50,NA,0
2014,8,0,60,M,0
2014,8,0,60,F,0
2014,8,0,60,NA,0
2014,8,0,70,M,0
2014,8,0,70,F,0
2014,8,0,70,NA,0
2014,8,0,>70,M,0
2014,8,0,>70,F,0
2014,8,0,>70,NA,0
2014,8,0,NA,M,0
2014,8,0,NA,F,0
2014,8,0,NA,NA,135874
2014,8,1,10,M,0
2014,8,1,10,F,0
2014,8,1,10,NA,0
2014,8,1,20,M,4245
2014,8,1,20,F,1148
2014,8,1,20,NA,248
2014,8,1,30,M,164047
2014,8,1,30,F,63360
2014,8,1,30,NA,1
2014,8,1,40,M,222137
2014,8,1,40,F,70872
2014,8,1,40,NA,0
2014,8,1,50,M,132912
2014,8,1,50,F,33607
2014,8,1,50,NA,0
2014,8,1,60,M,79328
2014,8,1,60,F,21764
2014,8,1,60,NA,0
2014,8,1,70,M,24881
2014,8,1,70,F,5669
2014,8,1,70,NA,0
2014,8,1,>70,M,2951
2014,8,1,>70,F,283
2014,8,1,>70,NA,0
2014,8,1,NA,M,155
2014,8,1,NA,F,7
2014,8,1,NA,NA,0
2014,9,0,10,M,0
2014,9,0,10,F,0
2014,9,0,10,NA,0
2014,9,0,20,M,0
2014,9,0,20,F,0
2014,9,0,20,NA,0
2014,9,0,30,M,0
2014,9,0,30,F,0
2014,9,0,30,NA,0
2014,9,0,40,M,0
2014,9,0,40,F,0
2014,9,0,40,NA,0
2014,9,0,50,M,0
2014,9,0,50,F,0
2014,9,0,50,NA,0
2014,9,0,60,M,0
2014,9,0,60,F,0
2014,9,0,60,NA,0
2014,9,0,70,M,0
2014,9,0,70,F,0
2014,9,0,70,NA,0
2014,9,0,>70,M,0
2014,9,0,>70,F,0
2014,9,0,>70,NA,0
2014,9,0,NA,M,0
2014,9,0,NA,F,0
2014,9,0,NA,NA,99315
2014,9,1,10,M,0
2014,9,1,10,F,0
2014,9,1,10,NA,0
2014,9,1,20,M,6925
2014,9,1,20,F,1602
2014,9,1,20,NA,208
2014,9,1,30,M,172123
2014,9,1,30,F,66528
2014,9,1,30,NA,21
2014,9,1,40,M,215832
2014,9,1,40,F,67203
2014,9,1,40,NA,0
2014,9,1,50,M,142410
2014,9,1,50,F,36645
2014,9,1,50,NA,0
2014,9,1,60,M,84839
2014,9,1,60,F,24536
2014,9,1,60,NA,0
2014,9,1,70,M,25982
2014,9,1,70,F,5947
2014,9,1,70,NA,0
2014,9,1,>70,M,3277
2014,9,1,>70,F,388
2014,9,1,>70,NA,0
2014,9,1,NA,M,99
2014,9,1,NA,F,7
2014,9,1,NA,NA,0
2014,10,0,10,M,0
2014,10,0,10,F,0
2014,10,0,10,NA,0
2014,10,0,20,M,0
2014,10,0,20,F,0
2014,10,0,20,NA,0
2014,10,0,30,M,0
2014,10,0,30,F,0
2014,10,0,30,NA,0
2014,10,0,40,M,0
2014,10,0,40,F,0
2014,10,0,40,NA,0
2014,10,0,50,M,0
2014,10,0,50,F,0
2014,10,0,50,NA,0
2014,10,0,60,M,0
2014,10,0,60,F,0
2014,10,0,60,NA,0
2014,10,0,70,M,0
2014,10,0,70,F,0
2014,10,0,70,NA,0
2014,10,0,>70,M,0
2014,10,0,>70,F,0
2014,10,0,>70,NA,0
2014,10,0,NA,M,0
2014,10,0,NA,F,0
2014,10,0,NA,NA,69083
2014,10,1,10,M,0
2014,10,1,10,F,0
2014,10,1,10,NA,0
2014,10,1,20,M,6795
2014,10,1,20,F,1651
2014,10,1,20,NA,197
2014,10,1,30,M,154917
2014,10,1,30,F,57008
2014,10,1,30,NA,83
2014,10,1,40,M,192142
2014,10,1,40,F,54255
2014,10,1,40,NA,0
2014,10,1,50,M,129287
2014,10,1,50,F,31752
2014,10,1,50,NA,0
2014,10,1,60,M,76967
2014,10,1,60,F,21792
2014,10,1,60,NA,0
2014,10,1,70,M,24079
2014,10,1,70,F,5262
2014,10,1,70,NA,0
2014,10,1,>70,M,2976
2014,10,1,>70,F,390
2014,10,1,>70,NA,0
2014,10,1,NA,M,74
2014,10,1,NA,F,1
2014,10,1,NA,NA,0
2014,11,0,10,M,0
2014,11,0,10,F,0
2014,11,0,10,NA,0
2014,11,0,20,M,0
2014,11,0,20,F,0
2014,11,0,20,NA,0
2014,11,0,30,M,0
2014,11,0,30,F,0
2014,11,0,30,NA,0
2014,11,0,40,M,0
2014,11,0,40,F,0
2014,11,0,40,NA,0
2014,11,0,50,M,0
2014,11,0,50,F,0
2014,11,0,50,NA,0
2014,11,0,60,M,0
2014,11,0,60,F,0
2014,11,0,60,NA,0
2014,11,0,70,M,0
2014,11,0,70,F,0
2014,11,0,70,NA,0
2014,11,0,>70,M,0
2014,11,0,>70,F,0
2014,11,0,>70,NA,0
2014,11,0,NA,M,0
2014,11,0,NA,F,0
2014,11,0,NA,NA,28008
2014,11,1,10,M,0
2014,11,1,10,F,0
2014,11,1,10,NA,0
2014,11,1,20,M,5341
2014,11,1,20,F,1164
2014,11,1,20,NA,96
2014,11,1,30,M,100443
2014,11,1,30,F,34465
2014,11,1,30,NA,71
2014,11,1,40,M,124054
2014,11,1,40,F,33726
2014,11,1,40,NA,0
2014,11,1,50,M,87418
2014,11,1,50,F,20957
2014,11,1,50,NA,0
2014,11,1,60,M,54938
2014,11,1,60,F,15156
2014,11,1,60,NA,0
2014,11,1,70,M,17409
2014,11,1,70,F,3557
2014,11,1,70,NA,0
2014,11,1,>70,M,2075
2014,11,1,>70,F,254
2014,11,1,>70,NA,0
2014,11,1,NA,M,50
2014,11,1,NA,F,6
2014,11,1,NA,NA,0
2014,12,0,10,M,0
2014,12,0,10,F,0
2014,12,0,10,NA,0
2014,12,0,20,M,0
2014,12,0,20,F,0
2014,12,0,20,NA,0
2014,12,0,30,M,0
2014,12,0,30,F,0
2014,12,0,30,NA,0
2014,12,0,40,M,0
2014,12,0,40,F,0
2014,12,0,40,NA,0
2014,12,0,50,M,0
2014,12,0,50,F,0
2014,12,0,50,NA,0
2014,12,0,60,M,0
2014,12,0,60,F,0
2014,12,0,60,NA,0
2014,12,0,70,M,0
2014,12,0,70,F,0
2014,12,0,70,NA,0
2014,12,0,>70,M,0
2014,12,0,>70,F,0
2014,12,0,>70,NA,0
2014,12,0,NA,M,0
2014,12,0,NA,F,0
2014,12,0,NA,NA,16495
2014,12,1,10,M,0
2014,12,1,10,F,0
2014,12,1,10,NA,0
2014,12,1,20,M,3522
2014,12,1,20,F,866
2014,12,1,20,NA,55
2014,12,1,30,M,70883
2014,12,1,30,F,21605
2014,12,1,30,NA,3
2014,12,1,40,M,95314
2014,12,1,40,F,23369
2014,12,1,40,NA,0
2014,12,1,50,M,72418
2014,12,1,50,F,15716
2014,12,1,50,NA,0
2014,12,1,60,M,47178
2014,12,1,60,F,11760
2014,12,1,60,NA,0
2014,12,1,70,M,14860
2014,12,1,70,F,2831
2014,12,1,70,NA,0
2014,12,1,>70,M,1944
2014,12,1,>70,F,230
2014,12,1,>70,NA,0
2014,12,1,NA,M,20
2014,12,1,NA,F,0
2014,12,1,NA,NA,0
2015,1,0,10,M,0
2015,1,0,10,F,0
2015,1,0,10,NA,0
2015,1,0,20,M,0
2015,1,0,20,F,0
2015,1,0,20,NA,0
2015,1,0,30,M,0
2015,1,0,30,F,0
2015,1,0,30,NA,0
2015,1,0,40,M,0
2015,1,0,40,F,0
2015,1,0,40,NA,0
2015,1,0,50,M,0
2015,1,0,50,F,0
2015,1,0,50,NA,0
2015,1,0,60,M,0
2015,1,0,60,F,0
2015,1,0,60,NA,0
2015,1,0,70,M,0
2015,1,0,70,F,0
2015,1,0,70,NA,0
2015,1,0,>70,M,0
2015,1,0,>70,F,0
2015,1,0,>70,NA,0
2015,1,0,NA,M,0
2015,1,0,NA,F,0
2015,1,0,NA,NA,5628
2015,1,1,10,M,0
2015,1,1,10,F,0
2015,1,1,10,NA,0
2015,1,1,20,M,1101
2015,1,1,20,F,335
2015,1,1,20,NA,48
2015,1,1,30,M,43793
2015,1,1,30,F,12456
2015,1,1,30,NA,19
2015,1,1,40,M,73507
2015,1,1,40,F,17672
2015,1,1,40,NA,0
2015,1,1,50,M,57410
2015,1,1,50,F,10534
2015,1,1,50,NA,0
2015,1,1,60,M,37893
2015,1,1,60,F,8603
2015,1,1,60,NA,0
2015,1,1,70,M,12474
2015,1,1,70,F,2325
2015,1,1,70,NA,0
2015,1,1,>70,M,1580
2015,1,1,>70,F,167
2015,1,1,>70,NA,0
2015,1,1,NA,M,6
2015,1,1,NA,F,1
2015,1,1,NA,NA,0
2015,2,0,10,M,0
2015,2,0,10,F,0
2015,2,0,10,NA,0
2015,2,0,20,M,0
2015,2,0,20,F,0
2015,2,0,20,NA,0
2015,2,0,30,M,0
2015,2,0,30,F,0
2015,2,0,30,NA,0
2015,2,0,40,M,0
2015,2,0,40,F,0
2015,2,0,40,NA,0
2015,2,0,50,M,0
2015,2,0,50,F,0
2015,2,0,50,NA,0
2015,2,0,60,M,0
2015,2,0,60,F,0
2015,2,0,60,NA,0
2015,2,0,70,M,0
2015,2,0,70,F,0
2015,2,0,70,NA,0
2015,2,0,>70,M,0
2015,2,0,>70,F,0
2015,2,0,>70,NA,0
2015,2,0,NA,M,0
2015,2,0,NA,F,0
2015,2,0,NA,NA,2265
2015,2,1,10,M,0
2015,2,1,10,F,0
2015,2,1,10,NA,0
2015,2,1,20,M,970
2015,2,1,20,F,230
2015,2,1,20,NA,13
2015,2,1,30,M,33895
2015,2,1,30,F,8336
2015,2,1,30,NA,25
2015,2,1,40,M,50995
2015,2,1,40,F,10946
2015,2,1,40,NA,0
2015,2,1,50,M,39579
2015,2,1,50,F,6520
2015,2,1,50,NA,0
2015,2,1,60,M,26444
2015,2,1,60,F,5409
2015,2,1,60,NA,0
2015,2,1,70,M,8533
2015,2,1,70,F,1524
2015,2,1,70,NA,0
2015,2,1,>70,M,1144
2015,2,1,>70,F,98
2015,2,1,>70,NA,0
2015,2,1,NA,M,3
2015,2,1,NA,F,1
2015,2,1,NA,NA,0
2015,3,0,10,M,0
2015,3,0,10,F,0
2015,3,0,10,NA,0
2015,3,0,20,M,0
2015,3,0,20,F,0
2015,3,0,20,NA,0
2015,3,0,30,M,0
2015,3,0,30,F,0
2015,3,0,30,NA,0
2015,3,0,40,M,0
2015,3,0,40,F,0
2015,3,0,40,NA,0
2015,3,0,50,M,0
2015,3,0,50,F,0
2015,3,0,50,NA,0
2015,3,0,60,M,0
2015,3,0,60,F,0
2015,3,0,60,NA,0
2015,3,0,70,M,0
2015,3,0,70,F,0
2015,3,0,70,NA,0
2015,3,0,>70,M,0
2015,3,0,>70,F,0
2015,3,0,>70,NA,0
2015,3,0,NA,M,0
2015,3,0,NA,F,0
2015,3,0,NA,NA,12851
2015,3,1,10,M,0
2015,3,1,10,F,0
2015,3,1,10,NA,0
2015,3,1,20,M,1548
2015,3,1,20,F,456
2015,3,1,20,NA,52
2015,3,1,30,M,55794
2015,3,1,30,F,16107
2015,3,1,30,NA,32
2015,3,1,40,M,83562
2015,3,1,40,F,20691
2015,3,1,40,NA,0
2015,3,1,50,M,65607
2015,3,1,50,F,12800
2015,3,1,50,NA,0
2015,3,1,60,M,42700
2015,3,1,60,F,9887
2015,3,1,60,NA,0
2015,3,1,70,M,14719
2015,3,1,70,F,2881
2015,3,1,70,NA,0
2015,3,1,>70,M,1903
2015,3,1,>70,F,218
2015,3,1,>70,NA,0
2015,3,1,NA,M,16
2015,3,1,NA,F,2
2015,3,1,NA,NA,0
2015,4,0,10,M,0
2015,4,0,10,F,0
2015,4,0,10,NA,0
2015,4,0,20,M,0
2015,4,0,20,F,0
2015,4,0,20,NA,0
2015,4,0,30,M,0
2015,4,0,30,F,0
2015,4,0,30,NA,0
2015,4,0,40,M,0
2015,4,0,40,F,0
2015,4,0,40,NA,0
2015,4,0,50,M,0
2015,4,0,50,F,0
2015,4,0,50,NA,0
2015,4,0,60,M,0
2015,4,0,60,F,0
2015,4,0,60,NA,0
2015,4,0,70,M,0
2015,4,0,70,F,0
2015,4,0,70,NA,0
2015,4,0,>70,M,0
2015,4,0,>70,F,0
2015,4,0,>70,NA,0
2015,4,0,NA,M,0
2015,4,0,NA,F,0
2015,4,0,NA,NA,66213
2015,4,1,10,M,0
2015,4,1,10,F,0
2015,4,1,10,NA,0
2015,4,1,20,M,2432
2015,4,1,20,F,761
2015,4,1,20,NA,61
2015,4,1,30,M,103181
2015,4,1,30,F,35172
2015,4,1,30,NA,32
2015,4,1,40,M,151370
2015,4,1,40,F,44883
2015,4,1,40,NA,16
2015,4,1,50,M,105384
2015,4,1,50,F,23576
2015,4,1,50,NA,0
2015,4,1,60,M,68507
2015,4,1,60,F,18592
2015,4,1,60,NA,12
2015,4,1,70,M,23624
2015,4,1,70,F,5120
2015,4,1,70,NA,0
2015,4,1,>70,M,3030
2015,4,1,>70,F,310
2015,4,1,>70,NA,38
2015,4,1,NA,M,57
2015,4,1,NA,F,18
2015,4,1,NA,NA,1
2015,5,0,10,M,0
2015,5,0,10,F,0
2015,5,0,10,NA,0
2015,5,0,20,M,0
2015,5,0,20,F,0
2015,5,0,20,NA,0
2015,5,0,30,M,0
2015,5,0,30,F,0
2015,5,0,30,NA,0
2015,5,0,40,M,0
2015,5,0,40,F,0
2015,5,0,40,NA,0
2015,5,0,50,M,0
2015,5,0,50,F,0
2015,5,0,50,NA,0
2015,5,0,60,M,0
2015,5,0,60,F,0
2015,5,0,60,NA,0
2015,5,0,70,M,0
2015,5,0,70,F,0
2015,5,0,70,NA,0
2015,5,0,>70,M,0
2015,5,0,>70,F,0
2015,5,0,>70,NA,0
2015,5,0,NA,M,0
2015,5,0,NA,F,0
2015,5,0,NA,NA,167544
2015,5,1,10,M,0
2015,5,1,10,F,0
2015,5,1,10,NA,0
2015,5,1,20,M,3214
2015,5,1,20,F,1000
2015,5,1,20,NA,18
2015,5,1,30,M,136779
2015,5,1,30,F,52166
2015,5,1,30,NA,108
2015,5,1,40,M,205217
2015,5,1,40,F,65598
2015,5,1,40,NA,110
2015,5,1,50,M,140128
2015,5,1,50,F,34124
2015,5,1,50,NA,19
2015,5,1,60,M,89124
2015,5,1,60,F,26159
2015,5,1,60,NA,30
2015,5,1,70,M,29861
2015,5,1,70,F,6551
2015,5,1,70,NA,5
2015,5,1,>70,M,3572
2015,5,1,>70,F,482
2015,5,1,>70,NA,32
2015,5,1,NA,M,112
2015,5,1,NA,F,33
2015,5,1,NA,NA,0
2015,6,0,10,M,0
2015,6,0,10,F,0
2015,6,0,10,NA,0
2015,6,0,20,M,0
2015,6,0,20,F,0
2015,6,0,20,NA,0
2015,6,0,30,M,0
2015,6,0,30,F,0
2015,6,0,30,NA,0
2015,6,0,40,M,0
2015,6,0,40,F,0
2015,6,0,40,NA,0
2015,6,0,50,M,0
2015,6,0,50,F,0
2015,6,0,50,NA,0
2015,6,0,60,M,0
2015,6,0,60,F,0
2015,6,0,60,NA,0
2015,6,0,70,M,0
2015,6,0,70,F,0
2015,6,0,70,NA,0
2015,6,0,>70,M,0
2015,6,0,>70,F,0
2015,6,0,>70,NA,0
2015,6,0,NA,M,0
2015,6,0,NA,F,0
2015,6,0,NA,NA,130381
2015,6,1,10,M,0
2015,6,1,10,F,0
2015,6,1,10,NA,0
2015,6,1,20,M,3294
2015,6,1,20,F,1038
2015,6,1,20,NA,61
2015,6,1,30,M,140259
2015,6,1,30,F,53539
2015,6,1,30,NA,93
2015,6,1,40,M,209970
2015,6,1,40,F,65279
2015,6,1,40,NA,262
2015,6,1,50,M,143469
2015,6,1,50,F,34298
2015,6,1,50,NA,33
2015,6,1,60,M,90215
2015,6,1,60,F,27168
2015,6,1,60,NA,57
2015,6,1,70,M,30799
2015,6,1,70,F,6796
2015,6,1,70,NA,38
2015,6,1,>70,M,3475
2015,6,1,>70,F,519
2015,6,1,>70,NA,48
2015,6,1,NA,M,110
2015,6,1,NA,F,18
2015,6,1,NA,NA,0
2015,7,0,10,M,0
2015,7,0,10,F,0
2015,7,0,10,NA,0
2015,7,0,20,M,0
2015,7,0,20,F,0
2015,7,0,20,NA,0
2015,7,0,30,M,0
2015,7,0,30,F,0
2015,7,0,30,NA,0
2015,7,0,40,M,0
2015,7,0,40,F,0
2015,7,0,40,NA,0
2015,7,0,50,M,0
2015,7,0,50,F,0
2015,7,0,50,NA,0
2015,7,0,60,M,0
2015,7,0,60,F,0
2015,7,0,60,NA,0
2015,7,0,70,M,0
2015,7,0,70,F,0
2015,7,0,70,NA,0
2015,7,0,>70,M,0
2015,7,0,>70,F,0
2015,7,0,>70,NA,0
2015,7,0,NA,M,0
2015,7,0,NA,F,0
2015,7,0,NA,NA,180362
2015,7,1,10,M,0
2015,7,1,10,F,0
2015,7,1,10,NA,0
2015,7,1,20,M,3578
2015,7,1,20,F,1193
2015,7,1,20,NA,61
2015,7,1,30,M,162369
2015,7,1,30,F,65073
2015,7,1,30,NA,120
2015,7,1,40,M,235958
2015,7,1,40,F,76122
2015,7,1,40,NA,460
2015,7,1,50,M,153128
2015,7,1,50,F,37600
2015,7,1,50,NA,122
2015,7,1,60,M,95344
2015,7,1,60,F,28955
2015,7,1,60,NA,148
2015,7,1,70,M,32987
2015,7,1,70,F,7484
2015,7,1,70,NA,45
2015,7,1,>70,M,3765
2015,7,1,>70,F,562
2015,7,1,>70,NA,92
2015,7,1,NA,M,126
2015,7,1,NA,F,22
2015,7,1,NA,NA,0
2015,8,0,10,M,0
2015,8,0,10,F,0
2015,8,0,10,NA,0
2015,8,0,20,M,0
2015,8,0,20,F,0
2015,8,0,20,NA,0
2015,8,0,30,M,0
2015,8,0,30,F,0
2015,8,0,30,NA,0
2015,8,0,40,M,0
2015,8,0,40,F,0
2015,8,0,40,NA,0
2015,8,0,50,M,0
2015,8,0,50,F,0
2015,8,0,50,NA,0
2015,8,0,60,M,0
2015,8,0,60,F,0
2015,8,0,60,NA,0
2015,8,0,70,M,0
2015,8,0,70,F,0
2015,8,0,70,NA,0
2015,8,0,>70,M,0
2015,8,0,>70,F,0
2015,8,0,>70,NA,0
2015,8,0,NA,M,0
2015,8,0,NA,F,0
2015,8,0,NA,NA,220996
2015,8,1,10,M,0
2015,8,1,10,F,0
2015,8,1,10,NA,0
2015,8,1,20,M,3781
2015,8,1,20,F,1447
2015,8,1,20,NA,34
2015,8,1,30,M,179808
2015,8,1,30,F,74732
2015,8,1,30,NA,229
2015,8,1,40,M,251218
2015,8,1,40,F,83771
2015,8,1,40,NA,551
2015,8,1,50,M,153902
2015,8,1,50,F,39325
2015,8,1,50,NA,211
2015,8,1,60,M,96096
2015,8,1,60,F,28266
2015,8,1,60,NA,154
2015,8,1,70,M,32404
2015,8,1,70,F,7631
2015,8,1,70,NA,54
2015,8,1,>70,M,3387
2015,8,1,>70,F,795
2015,8,1,>70,NA,97
2015,8,1,NA,M,131
2015,8,1,NA,F,24
2015,8,1,NA,NA,0
2015,9,0,10,M,0
2015,9,0,10,F,0
2015,9,0,10,NA,0
2015,9,0,20,M,0
2015,9,0,20,F,0
2015,9,0,20,NA,0
2015,9,0,30,M,0
2015,9,0,30,F,0
2015,9,0,30,NA,0
2015,9,0,40,M,0
2015,9,0,40,F,0
2015,9,0,40,NA,0
2015,9,0,50,M,0
2015,9,0,50,F,0
2015,9,0,50,NA,0
2015,9,0,60,M,0
2015,9,0,60,F,0
2015,9,0,60,NA,0
2015,9,0,70,M,0
2015,9,0,70,F,0
2015,9,0,70,NA,0
2015,9,0,>70,M,0
2015,9,0,>70,F,0
2015,9,0,>70,NA,0
2015,9,0,NA,M,0
2015,9,0,NA,F,0
2015,9,0,NA,NA,210107
2015,9,1,10,M,0
2015,9,1,10,F,0
2015,9,1,10,NA,0
2015,9,1,20,M,8260
2015,9,1,20,F,2445
2015,9,1,20,NA,43
2015,9,1,30,M,205968
2015,9,1,30,F,89189
2015,9,1,30,NA,390
2015,9,1,40,M,270335
2015,9,1,40,F,90037
2015,9,1,40,NA,588
2015,9,1,50,M,175585
2015,9,1,50,F,45866
2015,9,1,50,NA,299
2015,9,1,60,M,108450
2015,9,1,60,F,32681
2015,9,1,60,NA,179
2015,9,1,70,M,35743
2015,9,1,70,F,8349
2015,9,1,70,NA,45
2015,9,1,>70,M,4078
2015,9,1,>70,F,802
2015,9,1,>70,NA,90
2015,9,1,NA,M,139
2015,9,1,NA,F,31
2015,9,1,NA,NA,0
2015,10,0,10,M,0
2015,10,0,10,F,0
2015,10,0,10,NA,0
2015,10,0,20,M,0
2015,10,0,20,F,0
2015,10,0,20,NA,0
2015,10,0,30,M,0
2015,10,0,30,F,0
2015,10,0,30,NA,0
2015,10,0,40,M,0
2015,10,0,40,F,0
2015,10,0,40,NA,0
2015,10,0,50,M,0
2015,10,0,50,F,0
2015,10,0,50,NA,0
2015,10,0,60,M,0
2015,10,0,60,F,0
2015,10,0,60,NA,0
2015,10,0,70,M,0
2015,10,0,70,F,0
2015,10,0,70,NA,0
2015,10,0,>70,M,0
2015,10,0,>70,F,0
2015,10,0,>70,NA,0
2015,10,0,NA,M,0
2015,10,0,NA,F,0
2015,10,0,NA,NA,146511
2015,10,1,10,M,0
2015,10,1,10,F,0
2015,10,1,10,NA,0
2015,10,1,20,M,9275
2015,10,1,20,F,2426
2015,10,1,20,NA,37
2015,10,1,30,M,200246
2015,10,1,30,F,80786
2015,10,1,30,NA,384
2015,10,1,40,M,264042
2015,10,1,40,F,85107
2015,10,1,40,NA,740
2015,10,1,50,M,181280
2015,10,1,50,F,45429
2015,10,1,50,NA,409
2015,10,1,60,M,112226
2015,10,1,60,F,33795
2015,10,1,60,NA,164
2015,10,1,70,M,35758
2015,10,1,70,F,8279
2015,10,1,70,NA,63
2015,10,1,>70,M,4141
2015,10,1,>70,F,958
2015,10,1,>70,NA,80
2015,10,1,NA,M,129
2015,10,1,NA,F,12
2015,10,1,NA,NA,0
2015,11,0,10,M,0
2015,11,0,10,F,0
2015,11,0,10,NA,0
2015,11,0,20,M,0
2015,11,0,20,F,0
2015,11,0,20,NA,0
2015,11,0,30,M,0
2015,11,0,30,F,0
2015,11,0,30,NA,0
2015,11,0,40,M,0
2015,11,0,40,F,0
2015,11,0,40,NA,0
2015,11,0,50,M,0
2015,11,0,50,F,0
2015,11,0,50,NA,0
2015,11,0,60,M,0
2015,11,0,60,F,0
2015,11,0,60,NA,0
2015,11,0,70,M,0
2015,11,0,70,F,0
2015,11,0,70,NA,0
2015,11,0,>70,M,0
2015,11,0,>70,F,0
2015,11,0,>70,NA,0
2015,11,0,NA,M,0
2015,11,0,NA,F,0
2015,11,0,NA,NA,100596
2015,11,1,10,M,0
2015,11,1,10,F,0
2015,11,1,10,NA,0
2015,11,1,20,M,7830
2015,11,1,20,F,2050
2015,11,1,20,NA,18
2015,11,1,30,M,163889
2015,11,1,30,F,64758
2015,11,1,30,NA,328
2015,11,1,40,M,217949
2015,11,1,40,F,68561
2015,11,1,40,NA,826
2015,11,1,50,M,152682
2015,11,1,50,F,37795
2015,11,1,50,NA,467
2015,11,1,60,M,96708
2015,11,1,60,F,29263
2015,11,1,60,NA,189
2015,11,1,70,M,31873
2015,11,1,70,F,6898
2015,11,1,70,NA,56
2015,11,1,>70,M,3658
2015,11,1,>70,F,666
2015,11,1,>70,NA,62
2015,11,1,NA,M,113
2015,11,1,NA,F,10
2015,11,1,NA,NA,0
2015,12,0,10,M,0
2015,12,0,10,F,0
2015,12,0,10,NA,0
2015,12,0,20,M,0
2015,12,0,20,F,0
2015,12,0,20,NA,0
2015,12,0,30,M,0
2015,12,0,30,F,0
2015,12,0,30,NA,0
2015,12,0,40,M,0
2015,12,0,40,F,0
2015,12,0,40,NA,0
2015,12,0,50,M,0
2015,12,0,50,F,0
2015,12,0,50,NA,0
2015,12,0,60,M,0
2015,12,0,60,F,0
2015,12,0,60,NA,0
2015,12,0,70,M,0
2015,12,0,70,F,0
2015,12,0,70,NA,0
2015,12,0,>70,M,0
2015,12,0,>70,F,0
2015,12,0,>70,NA,0
2015,12,0,NA,M,0
2015,12,0,NA,F,0
2015,12,0,NA,NA,67877
2015,12,1,10,M,0
2015,12,1,10,F,0
2015,12,1,10,NA,0
2015,12,1,20,M,6073
2015,12,1,20,F,1723
2015,12,1,20,NA,11
2015,12,1,30,M,133630
2015,12,1,30,F,48143
2015,12,1,30,NA,176
2015,12,1,40,M,182329
2015,12,1,40,F,53397
2015,12,1,40,NA,696
2015,12,1,50,M,128788
2015,12,1,50,F,30820
2015,12,1,50,NA,455
2015,12,1,60,M,85190
2015,12,1,60,F,25192
2015,12,1,60,NA,158
2015,12,1,70,M,28935
2015,12,1,70,F,6336
2015,12,1,70,NA,50
2015,12,1,>70,M,3237
2015,12,1,>70,F,751
2015,12,1,>70,NA,103
2015,12,1,NA,M,49
2015,12,1,NA,F,6
2015,12,1,NA,NA,0
2016,1,0,10,M,0
2016,1,0,10,F,0
2016,1,0,10,NA,0
2016,1,0,20,M,0
2016,1,0,20,F,0
2016,1,0,20,NA,0
2016,1,0,30,M,0
2016,1,0,30,F,0
2016,1,0,30,NA,0
2016,1,0,40,M,0
2016,1,0,40,F,0
2016,1,0,40,NA,0
2016,1,0,50,M,0
2016,1,0,50,F,0
2016,1,0,50,NA,0
2016,1,0,60,M,0
2016,1,0,60,F,0
2016,1,0,60,NA,0
2016,1,0,70,M,0
2016,1,0,70,F,0
2016,1,0,70,NA,0
2016,1,0,>70,M,0
2016,1,0,>70,F,0
2016,1,0,>70,NA,0
2016,1,0,NA,M,0
2016,1,0,NA,F,0
2016,1,0,NA,NA,24543
2016,1,1,10,M,0
2016,1,1,10,F,0
2016,1,1,10,NA,0
2016,1,1,20,M,1992
2016,1,1,20,F,609
2016,1,1,20,NA,0
2016,1,1,30,M,72560
2016,1,1,30,F,25268
2016,1,1,30,NA,97
2016,1,1,40,M,126044
2016,1,1,40,F,36532
2016,1,1,40,NA,515
2016,1,1,50,M,92291
2016,1,1,50,F,20313
2016,1,1,50,NA,352
2016,1,1,60,M,61208
2016,1,1,60,F,16776
2016,1,1,60,NA,125
2016,1,1,70,M,22811
2016,1,1,70,F,4417
2016,1,1,70,NA,16
2016,1,1,>70,M,2378
2016,1,1,>70,F,540
2016,1,1,>70,NA,59
2016,1,1,NA,M,30
2016,1,1,NA,F,2
2016,1,1,NA,NA,0
2016,2,0,10,M,0
2016,2,0,10,F,0
2016,2,0,10,NA,0
2016,2,0,20,M,0
2016,2,0,20,F,0
2016,2,0,20,NA,0
2016,2,0,30,M,0
2016,2,0,30,F,0
2016,2,0,30,NA,0
2016,2,0,40,M,0
2016,2,0,40,F,0
2016,2,0,40,NA,0
2016,2,0,50,M,0
2016,2,0,50,F,0
2016,2,0,50,NA,0
2016,2,0,60,M,0
2016,2,0,60,F,0
2016,2,0,60,NA,0
2016,2,0,70,M,0
2016,2,0,70,F,0
2016,2,0,70,NA,0
2016,2,0,>70,M,0
2016,2,0,>70,F,0
2016,2,0,>70,NA,0
2016,2,0,NA,M,0
2016,2,0,NA,F,0
2016,2,0,NA,NA,29825
2016,2,1,10,M,0
2016,2,1,10,F,0
2016,2,1,10,NA,0
2016,2,1,20,M,2619
2016,2,1,20,F,509
2016,2,1,20,NA,0
2016,2,1,30,M,87374
2016,2,1,30,F,29729
2016,2,1,30,NA,170
2016,2,1,40,M,136831
2016,2,1,40,F,38104
2016,2,1,40,NA,539
2016,2,1,50,M,97651
2016,2,1,50,F,21280
2016,2,1,50,NA,336
2016,2,1,60,M,65742
2016,2,1,60,F,17284
2016,2,1,60,NA,97
2016,2,1,70,M,24339
2016,2,1,70,F,5088
2016,2,1,70,NA,19
2016,2,1,>70,M,2634
2016,2,1,>70,F,592
2016,2,1,>70,NA,85
2016,2,1,NA,M,26
2016,2,1,NA,F,1
2016,2,1,NA,NA,0
2016,3,0,10,M,0
2016,3,0,10,F,0
2016,3,0,10,NA,0
2016,3,0,20,M,0
2016,3,0,20,F,0
2016,3,0,20,NA,0
2016,3,0,30,M,0
2016,3,0,30,F,0
2016,3,0,30,NA,0
2016,3,0,40,M,0
2016,3,0,40,F,0
2016,3,0,40,NA,0
2016,3,0,50,M,0
2016,3,0,50,F,0
2016,3,0,50,NA,0
2016,3,0,60,M,0
2016,3,0,60,F,0
2016,3,0,60,NA,0
2016,3,0,70,M,0
2016,3,0,70,F,0
2016,3,0,70,NA,0
2016,3,0,>70,M,0
2016,3,0,>70,F,0
2016,3,0,>70,NA,0
2016,3,0,NA,M,0
2016,3,0,NA,F,0
2016,3,0,NA,NA,93238
2016,3,1,10,M,0
2016,3,1,10,F,0
2016,3,1,10,NA,0
2016,3,1,20,M,4046
2016,3,1,20,F,847
2016,3,1,20,NA,27
2016,3,1,30,M,139320
2016,3,1,30,F,53407
2016,3,1,30,NA,248
2016,3,1,40,M,208342
2016,3,1,40,F,64067
2016,3,1,40,NA,759
2016,3,1,50,M,145976
2016,3,1,50,F,34978
2016,3,1,50,NA,534
2016,3,1,60,M,96487
2016,3,1,60,F,27829
2016,3,1,60,NA,221
2016,3,1,70,M,35829
2016,3,1,70,F,8473
2016,3,1,70,NA,37
2016,3,1,>70,M,4144
2016,3,1,>70,F,941
2016,3,1,>70,NA,87
2016,3,1,NA,M,75
2016,3,1,NA,F,9
2016,3,1,NA,NA,0
2016,4,0,10,M,0
2016,4,0,10,F,0
2016,4,0,10,NA,0
2016,4,0,20,M,0
2016,4,0,20,F,0
2016,4,0,20,NA,0
2016,4,0,30,M,0
2016,4,0,30,F,0
2016,4,0,30,NA,0
2016,4,0,40,M,0
2016,4,0,40,F,0
2016,4,0,40,NA,0
2016,4,0,50,M,0
2016,4,0,50,F,0
2016,4,0,50,NA,0
2016,4,0,60,M,0
2016,4,0,60,F,0
2016,4,0,60,NA,0
2016,4,0,70,M,0
2016,4,0,70,F,0
2016,4,0,70,NA,0
2016,4,0,>70,M,0
2016,4,0,>70,F,0
2016,4,0,>70,NA,0
2016,4,0,NA,M,0
2016,4,0,NA,F,0
2016,4,0,NA,NA,130465
2016,4,1,10,M,0
2016,4,1,10,F,0
2016,4,1,10,NA,0
2016,4,1,20,M,4358
2016,4,1,20,F,948
2016,4,1,20,NA,3
2016,4,1,30,M,157787
2016,4,1,30,F,60183
2016,4,1,30,NA,244
2016,4,1,40,M,224891
2016,4,1,40,F,70696
2016,4,1,40,NA,753
2016,4,1,50,M,149061
2016,4,1,50,F,36619
2016,4,1,50,NA,600
2016,4,1,60,M,98577
2016,4,1,60,F,28167
2016,4,1,60,NA,229
2016,4,1,70,M,35185
2016,4,1,70,F,8887
2016,4,1,70,NA,89
2016,4,1,>70,M,4150
2016,4,1,>70,F,1003
2016,4,1,>70,NA,124
2016,4,1,NA,M,123
2016,4,1,NA,F,7
2016,4,1,NA,NA,0
2016,5,0,10,M,0
2016,5,0,10,F,0
2016,5,0,10,NA,0
2016,5,0,20,M,0
2016,5,0,20,F,0
2016,5,0,20,NA,0
2016,5,0,30,M,0
2016,5,0,30,F,0
2016,5,0,30,NA,0
2016,5,0,40,M,0
2016,5,0,40,F,0
2016,5,0,40,NA,0
2016,5,0,50,M,0
2016,5,0,50,F,0
2016,5,0,50,NA,0
2016,5,0,60,M,0
2016,5,0,60,F,0
2016,5,0,60,NA,0
2016,5,0,70,M,0
2016,5,0,70,F,0
2016,5,0,70,NA,0
2016,5,0,>70,M,0
2016,5,0,>70,F,0
2016,5,0,>70,NA,0
2016,5,0,NA,M,0
2016,5,0,NA,F,0
2016,5,0,NA,NA,160014
2016,5,1,10,M,0
2016,5,1,10,F,0
2016,5,1,10,NA,0
2016,5,1,20,M,5447
2016,5,1,20,F,1132
2016,5,1,20,NA,35
2016,5,1,30,M,184297
2016,5,1,30,F,73272
2016,5,1,30,NA,284
2016,5,1,40,M,264286
2016,5,1,40,F,85183
2016,5,1,40,NA,1015
2016,5,1,50,M,174234
2016,5,1,50,F,44892
2016,5,1,50,NA,617
2016,5,1,60,M,111489
2016,5,1,60,F,34560
2016,5,1,60,NA,283
2016,5,1,70,M,39103
2016,5,1,70,F,9784
2016,5,1,70,NA,101
2016,5,1,>70,M,4656
2016,5,1,>70,F,998
2016,5,1,>70,NA,106
2016,5,1,NA,M,211
2016,5,1,NA,F,26
2016,5,1,NA,NA,16255
2016,6,0,10,M,0
2016,6,0,10,F,0
2016,6,0,10,NA,0
2016,6,0,20,M,0
2016,6,0,20,F,0
2016,6,0,20,NA,0
2016,6,0,30,M,0
2016,6,0,30,F,0
2016,6,0,30,NA,0
2016,6,0,40,M,0
2016,6,0,40,F,0
2016,6,0,40,NA,0
2016,6,0,50,M,0
2016,6,0,50,F,0
2016,6,0,50,NA,0
2016,6,0,60,M,0
2016,6,0,60,F,0
2016,6,0,60,NA,0
2016,6,0,70,M,0
2016,6,0,70,F,0
2016,6,0,70,NA,0
2016,6,0,>70,M,0
2016,6,0,>70,F,0
2016,6,0,>70,NA,0
2016,6,0,NA,M,0
2016,6,0,NA,F,0
2016,6,0,NA,NA,156832
2016,6,1,10,M,0
2016,6,1,10,F,0
2016,6,1,10,NA,0
2016,6,1,20,M,6787
2016,6,1,20,F,1820
2016,6,1,20,NA,42
2016,6,1,30,M,226210
2016,6,1,30,F,95556
2016,6,1,30,NA,338
2016,6,1,40,M,324323
2016,6,1,40,F,108366
2016,6,1,40,NA,1192
2016,6,1,50,M,207410
2016,6,1,50,F,55143
2016,6,1,50,NA,920
2016,6,1,60,M,130350
2016,6,1,60,F,41162
2016,6,1,60,NA,412
2016,6,1,70,M,46658
2016,6,1,70,F,11510
2016,6,1,70,NA,106
2016,6,1,>70,M,5522
2016,6,1,>70,F,993
2016,6,1,>70,NA,102
2016,6,1,NA,M,204
2016,6,1,NA,F,68
2016,6,1,NA,NA,38292
2016,7,0,10,M,0
2016,7,0,10,F,0
2016,7,0,10,NA,0
2016,7,0,20,M,0
2016,7,0,20,F,0
2016,7,0,20,NA,0
2016,7,0,30,M,0
2016,7,0,30,F,0
2016,7,0,30,NA,0
2016,7,0,40,M,0
2016,7,0,40,F,0
2016,7,0,40,NA,0
2016,7,0,50,M,0
2016,7,0,50,F,0
2016,7,0,50,NA,0
2016,7,0,60,M,0
2016,7,0,60,F,0
2016,7,0,60,NA,0
2016,7,0,70,M,0
2016,7,0,70,F,0
2016,7,0,70,NA,0
2016,7,0,>70,M,0
2016,7,0,>70,F,0
2016,7,0,>70,NA,0
2016,7,0,NA,M,0
2016,7,0,NA,F,0
2016,7,0,NA,NA,201891
2016,7,1,10,M,0
2016,7,1,10,F,0
2016,7,1,10,NA,0
2016,7,1,20,M,6397
2016,7,1,20,F,2085
2016,7,1,20,NA,60
2016,7,1,30,M,223971
2016,7,1,30,F,95967
2016,7,1,30,NA,341
2016,7,1,40,M,301910
2016,7,1,40,F,103603
2016,7,1,40,NA,1241
2016,7,1,50,M,181876
2016,7,1,50,F,47510
2016,7,1,50,NA,860
2016,7,1,60,M,113658
2016,7,1,60,F,35345
2016,7,1,60,NA,456
2016,7,1,70,M,41994
2016,7,1,70,F,10573
2016,7,1,70,NA,85
2016,7,1,>70,M,4828
2016,7,1,>70,F,849
2016,7,1,>70,NA,127
2016,7,1,NA,M,201
2016,7,1,NA,F,66
2016,7,1,NA,NA,4216
2016,8,0,10,M,0
2016,8,0,10,F,0
2016,8,0,10,NA,0
2016,8,0,20,M,0
2016,8,0,20,F,0
2016,8,0,20,NA,0
2016,8,0,30,M,0
2016,8,0,30,F,0
2016,8,0,30,NA,0
2016,8,0,40,M,0
2016,8,0,40,F,0
2016,8,0,40,NA,0
2016,8,0,50,M,0
2016,8,0,50,F,0
2016,8,0,50,NA,0
2016,8,0,60,M,0
2016,8,0,60,F,0
2016,8,0,60,NA,0
2016,8,0,70,M,0
2016,8,0,70,F,0
2016,8,0,70,NA,0
2016,8,0,>70,M,0
2016,8,0,>70,F,0
2016,8,0,>70,NA,0
2016,8,0,NA,M,0
2016,8,0,NA,F,0
2016,8,0,NA,NA,218240
2016,8,1,10,M,0
2016,8,1,10,F,0
2016,8,1,10,NA,0
2016,8,1,20,M,6479
2016,8,1,20,F,1945
2016,8,1,20,NA,47
2016,8,1,30,M,261828
2016,8,1,30,F,110772
2016,8,1,30,NA,629
2016,8,1,40,M,345611
2016,8,1,40,F,117728
2016,8,1,40,NA,1520
2016,8,1,50,M,201243
2016,8,1,50,F,53038
2016,8,1,50,NA,923
2016,8,1,60,M,126374
2016,8,1,60,F,39401
2016,8,1,60,NA,602
2016,8,1,70,M,45606
2016,8,1,70,F,11190
2016,8,1,70,NA,103
2016,8,1,>70,M,5372
2016,8,1,>70,F,1043
2016,8,1,>70,NA,123
2016,8,1,NA,M,264
2016,8,1,NA,F,76
2016,8,1,NA,NA,7506
2016,9,0,10,M,0
2016,9,0,10,F,0
2016,9,0,10,NA,0
2016,9,0,20,M,0
2016,9,0,20,F,0
2016,9,0,20,NA,0
2016,9,0,30,M,0
2016,9,0,30,F,0
2016,9,0,30,NA,0
2016,9,0,40,M,0
2016,9,0,40,F,0
2016,9,0,40,NA,0
2016,9,0,50,M,0
2016,9,0,50,F,0
2016,9,0,50,NA,0
2016,9,0,60,M,0
2016,9,0,60,F,0
2016,9,0,60,NA,0
2016,9,0,70,M,0
2016,9,0,70,F,0
2016,9,0,70,NA,0
2016,9,0,>70,M,0
2016,9,0,>70,F,0
2016,9,0,>70,NA,0
2016,9,0,NA,M,0
2016,9,0,NA,F,0
2016,9,0,NA,NA,221217
2016,9,1,10,M,0
2016,9,1,10,F,0
2016,9,1,10,NA,0
2016,9,1,20,M,10445
2016,9,1,20,F,3021
2016,9,1,20,NA,73
2016,9,1,30,M,273823
2016,9,1,30,F,119898
2016,9,1,30,NA,895
2016,9,1,40,M,349413
2016,9,1,40,F,120364
2016,9,1,40,NA,1767
2016,9,1,50,M,221124
2016,9,1,50,F,62383
2016,9,1,50,NA,1037
2016,9,1,60,M,137543
2016,9,1,60,F,44764
2016,9,1,60,NA,491
2016,9,1,70,M,47187
2016,9,1,70,F,12334
2016,9,1,70,NA,105
2016,9,1,>70,M,5569
2016,9,1,>70,F,1203
2016,9,1,>70,NA,195
2016,9,1,NA,M,280
2016,9,1,NA,F,64
2016,9,1,NA,NA,13661
2016,10,0,10,M,0
2016,10,0,10,F,0
2016,10,0,10,NA,0
2016,10,0,20,M,0
2016,10,0,20,F,0
2016,10,0,20,NA,0
2016,10,0,30,M,0
2016,10,0,30,F,0
2016,10,0,30,NA,0
2016,10,0,40,M,0
2016,10,0,40,F,0
2016,10,0,40,NA,0
2016,10,0,50,M,0
2016,10,0,50,F,0
2016,10,0,50,NA,0
2016,10,0,60,M,0
2016,10,0,60,F,0
2016,10,0,60,NA,0
2016,10,0,70,M,0
2016,10,0,70,F,0
2016,10,0,70,NA,0
2016,10,0,>70,M,0
2016,10,0,>70,F,0
2016,10,0,>70,NA,0
2016,10,0,NA,M,0
2016,10,0,NA,F,0
2016,10,0,NA,NA,0
2016,10,1,10,M,0
2016,10,1,10,F,0
2016,10,1,10,NA,0
2016,10,1,20,M,0
2016,10,1,20,F,0
2016,10,1,20,NA,0
2016,10,1,30,M,0
2016,10,1,30,F,0
2016,10,1,30,NA,0
2016,10,1,40,M,0
2016,10,1,40,F,0
2016,10,1,40,NA,0
2016,10,1,50,M,0
2016,10,1,50,F,0
2016,10,1,50,NA,0
2016,10,1,60,M,0
2016,10,1,60,F,0
2016,10,1,60,NA,0
2016,10,1,70,M,0
2016,10,1,70,F,0
2016,10,1,70,NA,0
2016,10,1,>70,M,0
2016,10,1,>70,F,0
2016,10,1,>70,NA,0
2016,10,1,NA,M,0
2016,10,1,NA,F,0
2016,10,1,NA,NA,0
2016,11,0,10,M,0
2016,11,0,10,F,0
2016,11,0,10,NA,0
2016,11,0,20,M,0
2016,11,0,20,F,0
2016,11,0,20,NA,0
2016,11,0,30,M,0
2016,11,0,30,F,0
2016,11,0,30,NA,0
2016,11,0,40,M,0
2016,11,0,40,F,0
2016,11,0,40,NA,0
2016,11,0,50,M,0
2016,11,0,50,F,0
2016,11,0,50,NA,0
2016,11,0,60,M,0
2016,11,0,60,F,0
2016,11,0,60,NA,0
2016,11,0,70,M,0
2016,11,0,70,F,0
2016,11,0,70,NA,0
2016,11,0,>70,M,0
2016,11,0,>70,F,0
2016,11,0,>70,NA,0
2016,11,0,NA,M,0
2016,11,0,NA,F,0
2016,11,0,NA,NA,0
2016,11,1,10,M,0
2016,11,1,10,F,0
2016,11,1,10,NA,0
2016,11,1,20,M,0
2016,11,1,20,F,0
2016,11,1,20,NA,0
2016,11,1,30,M,0
2016,11,1,30,F,0
2016,11,1,30,NA,0
2016,11,1,40,M,0
2016,11,1,40,F,0
2016,11,1,40,NA,0
2016,11,1,50,M,0
2016,11,1,50,F,0
2016,11,1,50,NA,0
2016,11,1,60,M,0
2016,11,1,60,F,0
2016,11,1,60,NA,0
2016,11,1,70,M,0
2016,11,1,70,F,0
2016,11,1,70,NA,0
2016,11,1,>70,M,0
2016,11,1,>70,F,0
2016,11,1,>70,NA,0
2016,11,1,NA,M,0
2016,11,1,NA,F,0
2016,11,1,NA,NA,0
2016,12,0,10,M,0
2016,12,0,10,F,0
2016,12,0,10,NA,0
2016,12,0,20,M,0
2016,12,0,20,F,0
2016,12,0,20,NA,0
2016,12,0,30,M,0
2016,12,0,30,F,0
2016,12,0,30,NA,0
2016,12,0,40,M,0
2016,12,0,40,F,0
2016,12,0,40,NA,0
2016,12,0,50,M,0
2016,12,0,50,F,0
2016,12,0,50,NA,0
2016,12,0,60,M,0
2016,12,0,60,F,0
2016,12,0,60,NA,0
2016,12,0,70,M,0
2016,12,0,70,F,0
2016,12,0,70,NA,0
2016,12,0,>70,M,0
2016,12,0,>70,F,0
2016,12,0,>70,NA,0
2016,12,0,NA,M,0
2016,12,0,NA,F,0
2016,12,0,NA,NA,0
2016,12,1,10,M,0
2016,12,1,10,F,0
2016,12,1,10,NA,0
2016,12,1,20,M,0
2016,12,1,20,F,0
2016,12,1,20,NA,0
2016,12,1,30,M,0
2016,12,1,30,F,0
2016,12,1,30,NA,0
2016,12,1,40,M,0
2016,12,1,40,F,0
2016,12,1,40,NA,0
2016,12,1,50,M,0
2016,12,1,50,F,0
2016,12,1,50,NA,0
2016,12,1,60,M,0
2016,12,1,60,F,0
2016,12,1,60,NA,0
2016,12,1,70,M,0
2016,12,1,70,F,0
2016,12,1,70,NA,0
2016,12,1,>70,M,0
2016,12,1,>70,F,0
2016,12,1,>70,NA,0
2016,12,1,NA,M,0
2016,12,1,NA,F,0
2016,12,1,NA,NA,0
