year,month,day,weekday,max_temp,min_temp,max_wind_speed,min_wind_speed,total_rain,station_count,last_seven_days_count,count
2013,7,1,1,22.8,22.8,5.6,5.6,0.0,329,NA,16650
2013,7,2,2,23.3,23.3,5.6,5.6,0.0,329,NA,22745
2013,7,3,3,25.0,25.0,5.6,5.6,0.0,329,NA,21864
2013,7,4,4,27.2,27.2,13.0,13.0,0.0,329,NA,22326
2013,7,5,5,28.3,28.3,7.4,7.4,0.0,329,NA,21842
2013,7,6,6,30.0,30.0,0.0,0.0,0.0,329,0,20467
2013,7,7,7,28.3,28.3,7.4,7.4,0.0,329,16650,20477
2013,7,8,1,24.4,24.4,9.3,9.3,0.0,329,22745,21615
2013,7,9,2,25.0,25.0,0.0,0.0,0.0,329,21864,26641
2013,7,10,3,28.3,28.3,0.0,0.0,0.0,329,22326,25732
2013,7,11,4,26.1,26.1,9.3,9.3,0.0,329,21842,24417
2013,7,12,5,20.0,20.0,22.2,22.2,0.02,329,20467,19006
2013,7,13,6,24.4,24.4,7.4,7.4,0.0,329,20477,26119
2013,7,14,7,28.9,28.9,7.4,7.4,0.0,329,21615,29287
2013,7,15,1,28.9,28.9,5.6,5.6,0.0,329,26641,28069
2013,7,16,2,30.6,30.6,7.4,7.4,0.0,329,25732,29842
2013,7,17,3,28.9,28.9,7.4,7.4,0.0,329,24417,30550
2013,7,18,4,32.2,32.2,5.6,5.6,0.0,329,19006,28869
2013,7,19,5,31.7,31.7,5.6,5.6,0.0,329,26119,26591
2013,7,20,6,27.8,27.8,5.6,5.6,0.0,329,29287,25278
2013,7,21,7,25.0,25.0,5.6,5.6,0.0,329,28069,30297
2013,7,22,1,24.4,24.4,0.0,0.0,0.0,329,29842,25979
2013,7,23,2,27.2,27.2,9.3,9.3,0.0,329,30550,32376
2013,7,24,3,22.2,22.2,16.7,16.7,0.0,329,28869,35271
2013,7,25,4,18.9,18.9,14.8,14.8,0.0,329,26591,31084
2013,7,26,5,23.9,23.9,7.4,7.4,0.0,329,25278,34534
2013,7,27,6,22.2,22.2,0.0,0.0,0.0,329,30297,32470
2013,7,28,7,22.2,22.2,5.6,5.6,0.01,329,25979,23508
2013,7,29,1,23.9,23.9,9.3,9.3,0.0,329,32376,34915
2013,7,30,2,22.8,22.8,5.6,5.6,0.0,329,35271,37334
2013,7,31,3,22.8,22.8,9.3,9.3,0.0,329,31084,37261
2013,8,1,4,21.1,21.1,5.6,5.6,0.0,330,34534,20138
2013,8,2,5,25.0,25.0,11.1,11.1,0.0,330,32470,35792
2013,8,3,6,22.8,22.8,0.0,0.0,0.0,330,23508,29540
2013,8,4,7,21.7,21.7,11.1,11.1,0.0,330,34915,35253
2013,8,5,1,21.7,21.7,0.0,0.0,0.0,330,37334,36776
2013,8,6,2,21.7,21.7,5.6,5.6,0.0,330,37261,37702
2013,8,7,3,22.8,22.8,7.4,7.4,0.0,330,20138,34396
2013,8,8,4,22.8,22.8,9.3,9.3,0.0,330,35792,28366
2013,8,9,5,25.6,25.6,0.0,0.0,0.0,330,29540,29017
2013,8,10,6,23.9,23.9,7.4,7.4,0.0,330,35253,37201
2013,8,11,7,22.8,22.8,5.6,5.6,0.0,330,36776,33060
2013,8,12,1,23.3,23.3,0.0,0.0,0.0,330,37702,31457
2013,8,13,2,20.6,20.6,5.6,5.6,0.14,330,34396,22437
2013,8,14,3,19.4,19.4,5.6,5.6,0.0,330,28366,38150
2013,8,15,4,20.6,20.6,0.0,0.0,0.0,330,29017,37386
2013,8,16,5,21.1,21.1,0.0,0.0,0.0,330,37201,35991
2013,8,17,6,21.7,21.7,5.6,5.6,0.0,330,33060,37285
2013,8,18,7,20.6,20.6,0.0,0.0,0.0,330,31457,27612
2013,8,19,1,22.2,22.2,7.4,7.4,0.0,330,22437,33127
2013,8,20,2,26.1,26.1,0.0,0.0,0.0,330,38150,35843
2013,8,21,3,25.6,25.6,0.0,0.0,0.0,330,37386,36315
2013,8,22,4,23.9,23.9,9.3,9.3,0.0,330,35991,26629
2013,8,23,5,22.8,22.8,7.4,7.4,0.0,330,37285,33503
2013,8,24,6,20.0,20.0,0.0,0.0,0.0,330,27612,32941
2013,8,25,7,22.2,22.2,9.3,9.3,0.0,330,33127,31755
2013,8,26,1,23.9,23.9,9.3,9.3,0.02,330,35843,29979
2013,8,27,2,25.6,25.6,5.6,5.6,0.0,330,36315,34208
2013,8,28,3,22.2,22.2,0.0,0.0,0.0,330,26629,28185
2013,8,29,4,21.7,21.7,7.4,7.4,0.0,330,33503,34215
2013,8,30,5,25.0,25.0,0.0,0.0,0.0,330,32941,32318
2013,8,31,6,26.7,26.7,11.1,11.1,0.0,330,31755,25381
2013,9,1,7,23.9,23.9,7.4,7.4,0.0,330,29979,25235
2013,9,2,1,23.9,23.9,7.4,7.4,0.0,330,34208,21416
2013,9,3,2,21.7,21.7,0.0,0.0,0.0,330,28185,32411
2013,9,4,3,23.3,23.3,5.6,5.6,0.0,330,34215,36798
2013,9,5,4,19.4,19.4,11.1,11.1,0.0,330,32318,35825
2013,9,6,5,17.2,17.2,5.6,5.6,0.0,330,25381,35868
2013,9,7,6,22.2,22.2,5.6,5.6,0.0,330,25235,34419
2013,9,8,7,18.9,18.9,11.1,11.1,0.0,330,21416,33196
2013,9,9,1,20.0,20.0,7.4,7.4,0.0,330,32411,35394
2013,9,10,2,27.2,27.2,11.1,11.1,0.0,330,36798,36954
2013,9,11,3,28.9,28.9,7.4,7.4,0.0,330,35825,35812
2013,9,12,4,21.1,21.1,9.3,9.3,0.0,330,35868,31252
2013,9,13,5,16.1,16.1,5.6,5.6,0.0,330,34419,36501
2013,9,14,6,13.9,13.9,0.0,0.0,0.0,330,33196,31607
2013,9,15,7,18.9,18.9,5.6,5.6,0.0,330,35394,31914
2013,9,16,1,16.1,16.1,22.2,22.2,0.0,330,36954,31287
2013,9,17,2,13.3,13.3,0.0,0.0,0.0,330,35812,38283
2013,9,18,3,16.1,16.1,9.3,9.3,0.0,330,31252,37957
2013,9,19,4,18.3,18.3,0.0,0.0,0.0,330,36501,39200
2013,9,20,5,18.3,18.3,5.6,5.6,0.0,330,31607,39382
2013,9,21,6,20.6,20.6,7.4,7.4,0.14,330,31914,31826
2013,9,22,7,13.9,13.9,7.4,7.4,0.0,330,31287,29758
2013,9,23,1,12.8,12.8,14.8,14.8,0.0,330,38283,35152
2013,9,24,2,17.2,17.2,7.4,7.4,0.0,330,37957,38417
2013,9,25,3,17.2,17.2,0.0,0.0,0.0,330,39200,38223
2013,9,26,4,16.1,16.1,0.0,0.0,0.0,330,39382,38189
2013,9,27,5,17.2,17.2,9.3,9.3,0.0,330,31826,37412
2013,9,28,6,17.8,17.8,5.6,5.6,0.0,330,29758,34931
2013,9,29,7,15.0,15.0,5.6,5.6,0.0,330,35152,32592
2013,9,30,1,17.8,17.8,9.3,9.3,0.0,330,38417,37148
2013,10,1,2,20.6,20.6,0.0,0.0,0.0,330,38223,40575
2013,10,2,3,23.3,23.3,0.0,0.0,0.0,330,38189,41383
2013,10,3,4,21.1,21.1,5.6,5.6,0.0,330,37412,40456
2013,10,4,5,21.7,21.7,9.3,9.3,0.0,330,34931,40195
2013,10,5,6,19.4,19.4,7.4,7.4,0.0,330,32592,34181
2013,10,6,7,21.1,21.1,9.3,9.3,0.0,330,37148,26574
2013,10,7,1,16.7,16.7,7.4,7.4,0.0,330,40575,25016
2013,10,8,2,15.0,15.0,0.0,0.0,0.0,330,41383,38365
2013,10,9,3,15.0,15.0,11.1,11.1,0.0,330,40456,36969
2013,10,10,4,16.7,16.7,11.1,11.1,0.0,330,40195,31171
2013,10,11,5,19.4,19.4,14.8,14.8,0.0,330,34181,33357
2013,10,12,6,16.7,16.7,18.5,18.5,0.0,330,26574,32457
2013,10,13,7,14.4,14.4,0.0,0.0,0.0,330,25016,28832
2013,10,14,1,13.3,13.3,5.6,5.6,0.0,330,38365,33018
2013,10,15,2,14.4,14.4,11.1,11.1,0.0,330,36969,37534
2013,10,16,3,16.7,16.7,0.0,0.0,0.0,330,31171,36911
2013,10,17,4,18.3,18.3,0.0,0.0,0.0,330,33357,36888
2013,10,18,5,14.4,14.4,7.4,7.4,0.0,330,32457,38122
2013,10,19,6,15.0,15.0,13.0,13.0,0.01,330,28832,29548
2013,10,20,7,13.3,13.3,7.4,7.4,0.0,330,33018,29256
2013,10,21,1,13.9,13.9,5.6,5.6,0.0,330,37534,35012
2013,10,22,2,12.2,12.2,5.6,5.6,0.0,330,36911,36338
2013,10,23,3,8.3,8.3,0.0,0.0,0.0,330,36888,32365
2013,10,24,4,7.8,7.8,5.6,5.6,0.0,330,38122,32251
2013,10,25,5,8.3,8.3,5.6,5.6,0.0,330,29548,30979
2013,10,26,6,11.1,11.1,5.6,5.6,0.0,330,29256,24569
2013,10,27,7,10.0,10.0,11.1,11.1,0.0,330,35012,23965
2013,10,28,1,11.7,11.7,7.4,7.4,0.0,330,36338,31498
2013,10,29,2,10.0,10.0,0.0,0.0,0.0,330,32365,33414
2013,10,30,3,13.3,13.3,0.0,0.0,0.0,330,32251,35069
2013,10,31,4,18.3,18.3,11.1,11.1,0.0,330,30979,31444
2013,11,1,5,16.7,16.7,9.3,9.3,0.0,330,24569,30384
2013,11,2,6,13.3,13.3,9.3,9.3,0.0,330,23965,31013
2013,11,3,7,3.3,3.3,11.1,11.1,0.0,330,31498,20798
2013,11,4,1,5.0,5.0,0.0,0.0,0.0,330,33414,27142
2013,11,5,2,11.1,11.1,7.4,7.4,0.0,330,35069,31493
2013,11,6,3,13.9,13.9,0.0,0.0,0.0,330,31444,34826
2013,11,7,4,7.2,7.2,11.1,11.1,0.0,330,30384,25719
2013,11,8,5,6.1,6.1,14.8,14.8,0.0,330,31013,28686
2013,11,9,6,8.3,8.3,9.3,9.3,0.0,330,20798,21734
2013,11,10,7,9.4,9.4,14.8,14.8,0.0,330,27142,19712
2013,11,11,1,11.1,11.1,11.1,11.1,0.0,330,31493,27295
2013,11,12,2,0.0,0.0,14.8,14.8,0.0,330,34826,19925
2013,11,13,3,2.2,2.2,13.0,13.0,0.0,330,25719,23633
2013,11,14,4,8.9,8.9,0.0,0.0,0.0,330,28686,27040
2013,11,15,5,10.6,10.6,16.7,16.7,0.0,330,21734,29051
2013,11,16,6,10.6,10.6,0.0,0.0,0.0,330,19712,25194
2013,11,17,7,14.4,14.4,0.0,0.0,0.0,330,27295,17995
2013,11,18,1,11.7,11.7,14.8,14.8,0.0,330,19925,30615
2013,11,19,2,2.8,2.8,5.6,5.6,0.0,330,23633,27417
2013,11,20,3,2.8,2.8,13.0,13.0,0.0,330,27040,26229
2013,11,21,4,10.6,10.6,13.0,13.0,0.0,330,29051,28752
2013,11,22,5,12.2,12.2,13.0,13.0,0.0,330,25194,25448
2013,11,23,6,0.6,0.6,0.0,0.0,0.0,330,17995,18996
2013,11,24,7,-3.9,-3.9,9.3,9.3,0.0,330,30615,9392
2013,11,25,1,0.6,0.6,0.0,0.0,0.0,330,27417,19116
2013,11,26,2,8.0,8.0,13.0,13.0,0.14,330,26229,14999
2013,11,27,3,2.2,2.2,16.7,16.7,0.0,330,28752,7976
2013,11,28,4,0.0,0.0,7.4,7.4,0.0,330,25448,5204
2013,11,29,5,-1.1,-1.1,11.1,11.1,0.0,330,18996,10127
2013,11,30,6,3.3,3.3,5.6,5.6,0.0,330,9392,9863
2013,12,1,7,7.8,7.8,0.0,0.0,0.0,329,19116,13326
2013,12,2,1,5.0,5.0,7.4,7.4,0.0,329,14999,24576
2013,12,3,2,6.1,6.1,5.6,5.6,0.0,329,7976,27431
2013,12,4,3,9.4,9.4,7.4,7.4,0.0,329,5204,28199
2013,12,5,4,13.9,13.9,5.6,5.6,0.0,329,10127,26988
2013,12,6,5,2.8,2.8,16.7,16.7,0.07,329,9863,10736
2013,12,7,6,0.6,0.6,11.1,11.1,0.0,329,13326,15545
2013,12,8,7,0.0,0.0,14.8,14.8,0.02,329,24576,10090
2013,12,9,1,2.8,2.8,7.4,7.4,0.0,329,27431,14824
2013,12,10,2,-1.1,-1.1,7.4,7.4,0.0,329,28199,12850
2013,12,11,3,-1.1,-1.1,13.0,13.0,0.0,329,26988,18766
2013,12,12,4,-4.4,-4.4,13.0,13.0,0.0,329,10736,17214
2013,12,13,5,1.1,1.1,0.0,0.0,0.0,329,15545,17888
2013,12,14,6,0.6,0.6,20.4,20.4,0.08,329,10090,3701
2013,12,15,7,1.1,1.1,13.0,13.0,0.0,329,14824,7462
2013,12,16,1,-3.3,-3.3,5.6,5.6,0.0,329,12850,15562
2013,12,17,2,-3.9,-3.9,11.1,11.1,0.0,329,18766,7863
2013,12,18,3,0.6,0.6,9.3,9.3,0.0,329,17214,14924
2013,12,19,4,7.8,7.8,7.4,7.4,0.0,329,17888,18766
2013,12,20,5,10.6,10.6,13.0,13.0,0.0,329,3701,22066
2013,12,21,6,16.7,16.7,13.0,13.0,0.0,329,7462,17940
2013,12,22,7,17.8,17.8,7.4,7.4,0.0,329,15562,15063
2013,12,23,1,6.1,6.1,13.0,13.0,0.0,329,7863,6956
2013,12,24,2,-2.2,-2.2,24.1,24.1,0.0,329,14924,11025
2013,12,25,3,-1.1,-1.1,9.3,9.3,0.0,329,18766,3260
2013,12,26,4,1.1,1.1,0.0,0.0,0.0,329,22066,9763
2013,12,27,5,2.8,2.8,9.3,9.3,0.0,329,17940,11720
2013,12,28,6,8.9,8.9,18.5,18.5,0.0,329,15063,12022
2013,12,29,7,6.7,6.7,16.7,16.7,0.0,329,6956,3775
2013,12,30,1,-4.4,-4.4,7.4,7.4,0.0,329,11025,13241
2013,12,31,2,-2.8,-2.8,11.1,11.1,0.0,329,3260,10424
2014,1,1,3,0.0,0.0,18.5,18.5,0.0,329,9763,6059
2014,1,2,4,-6.7,-6.7,24.1,24.1,0.07,329,11720,8600
2014,1,3,5,-12.2,-12.2,7.4,7.4,0.0,329,12022,1144
2014,1,4,6,-2.8,-2.8,5.6,5.6,0.0,329,3775,2292
2014,1,5,7,3.3,3.3,5.6,5.6,0.01,329,13241,2678
2014,1,6,1,-3.9,-3.9,24.1,24.1,0.0,329,10424,9510
2014,1,7,2,-12.8,-12.8,11.1,11.1,0.0,329,6059,6267
2014,1,8,3,-5.6,-5.6,9.3,9.3,0.0,329,8600,9246
2014,1,9,4,-1.1,-1.1,11.1,11.1,0.0,329,1144,13354
2014,1,10,5,2.8,2.8,7.4,7.4,0.0,329,2292,9847
2014,1,11,6,12.2,12.2,14.8,14.8,0.0,329,2678,7695
2014,1,12,7,3.3,3.3,9.3,9.3,0.0,329,9510,12515
2014,1,13,1,9.4,9.4,9.3,9.3,0.0,329,6267,20633
2014,1,14,2,7.2,7.2,0.0,0.0,0.0,329,9246,9999
2014,1,15,3,5.0,5.0,0.0,0.0,0.0,329,13354,21630
2014,1,16,4,2.2,2.2,0.0,0.0,0.0,329,9847,19953
2014,1,17,5,4.0,4.0,0.0,0.0,0.0,329,7695,20301
2014,1,18,6,-1.0,-1.0,0.0,0.0,0.0,329,12515,9438
2014,1,19,7,2.0,2.0,0.0,0.0,0.0,329,20633,9028
2014,1,20,1,1.0,1.0,0.0,0.0,0.0,329,9999,13407
2014,1,21,2,-11.0,-11.0,0.0,0.0,0.0,329,21630,3804
2014,1,22,3,-12.0,-12.0,0.0,0.0,0.0,329,19953,2451
2014,1,23,4,-9.0,-9.0,0.0,0.0,0.0,329,20301,5071
2014,1,24,5,-8.0,-8.0,0.0,0.0,0.0,329,9438,6176
2014,1,25,6,-4.4,-4.4,0.0,0.0,0.0,329,9028,4338
2014,1,26,7,0.0,0.0,7.4,7.4,0.0,329,13407,4980
2014,1,27,1,-5.6,-5.6,22.2,22.2,0.0,329,3804,13119
2014,1,28,2,-7.8,-7.8,5.6,5.6,0.0,329,2451,10033
2014,1,29,3,-7.2,-7.2,5.6,5.6,0.0,329,5071,10021
2014,1,30,4,-2.8,-2.8,14.8,14.8,0.0,329,6176,12158
2014,1,31,5,2.8,2.8,9.3,9.3,0.0,329,4338,14653
2014,2,1,6,6.1,6.1,7.4,7.4,0.0,329,4980,12771
2014,2,2,7,6.7,6.7,0.0,0.0,0.0,329,13119,13816
2014,2,3,1,-2.8,-2.8,5.6,5.6,0.0,329,10033,2600
2014,2,4,2,0.0,0.0,11.1,11.1,0.0,329,10021,8709
2014,2,5,3,0.0,0.0,13.0,13.0,0.0,329,12158,2746
2014,2,6,4,-2.2,-2.2,14.8,14.8,0.0,329,14653,7196
2014,2,7,5,-1.7,-1.7,7.4,7.4,0.0,329,12771,8495
2014,2,8,6,-3.3,-3.3,0.0,0.0,0.0,329,13816,5986
2014,2,9,7,-3.3,-3.3,0.0,0.0,0.0,329,2600,4996
2014,2,10,1,-5.0,-5.0,11.1,11.1,0.0,329,8709,6846
2014,2,11,2,-7.8,-7.8,9.3,9.3,0.0,329,2746,8343
2014,2,12,3,-4.4,-4.4,9.3,9.3,0.0,329,7196,8580
2014,2,13,4,0.6,0.6,13.0,13.0,0.0,329,8495,876
2014,2,14,5,3.3,3.3,9.3,9.3,0.0,329,5986,3609
2014,2,15,6,-1.7,-1.7,24.1,24.1,0.0,329,4996,2261
2014,2,16,7,-5.0,-5.0,16.7,16.7,0.0,329,6846,3003
2014,2,17,1,-1.1,-1.1,5.6,5.6,0.0,329,8343,4854
2014,2,18,2,1.7,1.7,7.4,7.4,0.0,329,8580,5140
2014,2,19,3,6.7,6.7,14.8,14.8,0.0,329,876,8506
2014,2,20,4,2.8,2.8,11.1,11.1,0.0,329,3609,11792
2014,2,21,5,5.6,5.6,7.4,7.4,0.0,329,2261,8680
2014,2,22,6,8.9,8.9,9.3,9.3,0.0,329,3003,13044
2014,2,23,7,8.3,8.3,14.8,14.8,0.0,329,4854,13324
2014,2,24,1,-2.2,-2.2,13.0,13.0,0.0,329,5140,12922
2014,2,25,2,-2.8,-2.8,5.6,5.6,0.0,329,8506,12830
2014,2,26,3,-6.1,-6.1,5.6,5.6,0.0,329,11792,11188
2014,2,27,4,-8.9,-8.9,13.0,13.0,0.0,329,8680,12036
2014,2,28,5,-6.1,-6.1,0.0,0.0,0.0,329,13044,9587
2014,3,1,6,1.7,1.7,5.6,5.6,0.0,331,13324,9202
2014,3,2,7,1.1,1.1,0.0,0.0,0.0,331,12922,8195
2014,3,3,1,-7.2,-7.2,0.0,0.0,0.0,331,12830,7708
2014,3,4,2,-2.2,-2.2,9.3,9.3,0.0,331,11188,10398
2014,3,5,3,-2.2,-2.2,16.7,16.7,0.0,331,12036,13801
2014,3,6,4,-2.8,-2.8,14.8,14.8,0.0,331,9587,12773
2014,3,7,5,2.2,2.2,11.1,11.1,0.0,331,9202,13304
2014,3,8,6,7.2,7.2,11.1,11.1,0.0,331,8195,16350
2014,3,9,7,3.9,3.9,0.0,0.0,0.0,331,7708,12262
2014,3,10,1,7.2,7.2,9.3,9.3,0.0,331,10398,17231
2014,3,11,2,14.4,14.4,0.0,0.0,0.0,331,13801,24356
2014,3,12,3,2.8,2.8,14.8,14.8,0.0,331,12773,15101
2014,3,13,4,-5.6,-5.6,18.5,18.5,0.0,331,13304,10979
2014,3,14,5,5.6,5.6,0.0,0.0,0.0,331,16350,16299
2014,3,15,6,8.3,8.3,16.7,16.7,0.0,331,12262,18053
2014,3,16,7,0.0,0.0,14.8,14.8,0.0,331,17231,9851
2014,3,17,1,0.0,0.0,5.6,5.6,0.0,331,24356,12503
2014,3,18,2,1.7,1.7,9.3,9.3,0.0,331,15101,16679
2014,3,19,3,6.0,6.0,11.1,11.1,0.26,331,10979,13341
2014,3,20,4,6.1,6.1,16.7,16.7,0.0,331,16299,19695
2014,3,21,5,6.7,6.7,9.3,9.3,0.0,331,18053,20718
2014,3,22,6,7.8,7.8,5.6,5.6,0.0,331,9851,19880
2014,3,23,7,-1.1,-1.1,16.7,16.7,0.0,331,12503,11740
2014,3,24,1,-1.7,-1.7,9.3,9.3,0.0,331,16679,13598
2014,3,25,2,0.6,0.6,16.7,16.7,0.0,331,13341,16037
2014,3,26,3,-3.3,-3.3,9.3,9.3,0.0,331,19695,14500
2014,3,27,4,3.3,3.3,9.3,9.3,0.0,331,20718,16666
2014,3,28,5,15.6,15.6,13.0,13.0,0.0,331,19880,18425
2014,3,29,6,6.7,6.7,37.0,37.0,0.14,331,11740,4480
2014,3,30,7,5.0,5.0,18.5,18.5,0.0,331,13598,7907
2014,3,31,1,5.0,5.0,18.5,18.5,0.0,331,16037,17085
2014,4,1,2,7.8,7.8,9.3,9.3,0.0,329,14500,23908
2014,4,2,3,10.6,10.6,0.0,0.0,0.0,329,16666,22515
2014,4,3,4,10.0,10.0,0.0,0.0,0.01,329,18425,26321
2014,4,4,5,4.4,4.4,16.7,16.7,0.0,329,4480,12566
2014,4,5,6,6.1,6.1,11.1,11.1,0.0,329,7907,18655
2014,4,6,7,7.8,7.8,0.0,0.0,0.0,329,17085,20750
2014,4,7,1,6.7,6.7,13.0,13.0,0.01,329,23908,14677
2014,4,8,2,10.6,10.6,18.5,18.5,0.0,329,22515,21884
2014,4,9,3,9.4,9.4,13.0,13.0,0.0,329,26321,26931
2014,4,10,4,13.9,13.9,14.8,14.8,0.0,329,12566,27463
2014,4,11,5,15.6,15.6,7.4,7.4,0.0,329,18655,26798
2014,4,12,6,15.6,15.6,9.3,9.3,0.0,329,20750,27108
2014,4,13,7,19.4,19.4,0.0,0.0,0.0,329,14677,26871
2014,4,14,1,17.2,17.2,9.3,9.3,0.0,329,21884,28832
2014,4,15,2,1.7,1.7,7.4,7.4,0.05,329,26931,10523
2014,4,16,3,5.0,5.0,14.8,14.8,0.0,329,27463,20082
2014,4,17,4,5.0,5.0,11.1,11.1,0.0,329,26798,22282
2014,4,18,5,6.1,6.1,0.0,0.0,0.0,329,27108,20770
2014,4,19,6,13.3,13.3,18.5,18.5,0.0,329,26871,24369
2014,4,20,7,8.0,8.0,5.6,5.6,0.0,329,28832,18464
2014,4,21,1,11.7,11.7,5.6,5.6,0.0,329,10523,27124
2014,4,22,2,16.7,16.7,9.3,9.3,0.0,329,20082,27259
2014,4,23,3,7.8,7.8,22.2,22.2,0.0,329,22282,26949
2014,4,24,4,11.7,11.7,9.3,9.3,0.0,329,20770,28107
2014,4,25,5,10.0,10.0,0.0,0.0,0.0,329,24369,27919
2014,4,26,6,10.0,10.0,0.0,0.0,0.01,329,18464,19899
2014,4,27,7,11.1,11.1,9.3,9.3,0.0,329,27124,21926
2014,4,28,1,13.3,13.3,0.0,0.0,0.0,329,27259,28557
2014,4,29,2,6.1,6.1,13.0,13.0,0.0,329,26949,18404
2014,4,30,3,10.0,10.0,9.3,9.3,0.53,329,28107,2867
2014,5,1,4,17.8,17.8,5.6,5.6,0.0,328,27919,26762
2014,5,2,5,15.6,15.6,7.4,7.4,0.0,328,19899,32377
2014,5,3,6,14.4,14.4,0.0,0.0,0.0,328,21926,25501
2014,5,4,7,13.9,13.9,14.8,14.8,0.0,328,28557,21277
2014,5,5,1,15.0,15.0,0.0,0.0,0.0,328,18404,30288
2014,5,6,2,15.0,15.0,7.4,7.4,0.0,328,2867,32233
2014,5,7,3,15.0,15.0,9.3,9.3,0.0,328,26762,32882
2014,5,8,4,12.8,12.8,5.6,5.6,0.0,328,32377,17619
2014,5,9,5,17.0,17.0,0.0,0.0,0.0,328,25501,22641
2014,5,10,6,20.0,20.0,11.1,11.1,0.0,328,21277,21832
2014,5,11,7,21.7,21.7,0.0,0.0,0.0,328,30288,28326
2014,5,12,1,23.9,23.9,5.6,5.6,0.0,328,32233,31644
2014,5,13,2,12.8,12.8,13.0,13.0,0.0,328,32882,32847
2014,5,14,3,15.6,15.6,0.0,0.0,0.0,328,17619,30044
2014,5,15,4,18.9,18.9,14.8,14.8,0.0,328,22641,26057
2014,5,16,5,17.2,17.2,14.8,14.8,0.01,328,21832,17784
2014,5,17,6,16.7,16.7,9.3,9.3,0.0,328,28326,29912
2014,5,18,7,14.0,14.0,11.1,11.1,0.0,328,31644,27436
2014,5,19,1,16.1,16.1,7.4,7.4,0.0,328,32847,31692
2014,5,20,2,21.7,21.7,5.6,5.6,0.0,328,30044,35567
2014,5,21,3,18.3,18.3,0.0,0.0,0.0,328,26057,34420
2014,5,22,4,15.6,15.6,0.0,0.0,0.0,328,17784,24535
2014,5,23,5,13.9,13.9,5.6,5.6,0.21,328,29912,24484
2014,5,24,6,15.0,15.0,5.6,5.6,0.0,328,27436,16798
2014,5,25,7,20.6,20.6,0.0,0.0,0.0,328,31692,25637
2014,5,26,1,25.6,25.6,9.3,9.3,0.0,328,35567,26930
2014,5,27,2,23.9,23.9,5.6,5.6,0.0,328,34420,32936
2014,5,28,3,13.0,13.0,18.5,18.5,0.0,328,24535,29690
2014,5,29,4,13.9,13.9,0.0,0.0,0.0,328,24484,33889
2014,5,30,5,17.8,17.8,7.4,7.4,0.0,328,16798,34343
2014,5,31,6,15.6,15.6,0.0,0.0,0.0,328,25637,27734
2014,6,1,7,19.4,19.4,9.3,9.3,0.0,328,26930,31333
2014,6,2,1,23.3,23.3,5.6,5.6,0.0,328,32936,34519
2014,6,3,2,20.0,20.0,7.4,7.4,0.0,328,29690,29501
2014,6,4,3,21.1,21.1,5.6,5.6,0.0,328,33889,36068
2014,6,5,4,20.0,20.0,7.4,7.4,0.0,328,34343,24619
2014,6,6,5,20.0,20.0,7.4,7.4,0.0,328,27734,37719
2014,6,7,6,22.8,22.8,13.0,13.0,0.0,328,31333,31204
2014,6,8,7,23.3,23.3,9.3,9.3,0.0,328,34519,30162
2014,6,9,1,18.3,18.3,7.4,7.4,0.0,328,29501,18611
2014,6,10,2,21.7,21.7,9.3,9.3,0.0,328,36068,33435
2014,6,11,3,18.3,18.3,7.4,7.4,0.0,328,24619,30548
2014,6,12,4,20.6,20.6,11.1,11.1,0.0,328,37719,29084
2014,6,13,5,20.0,20.0,5.6,5.6,0.0,328,31204,18308
2014,6,14,6,16.7,16.7,9.3,9.3,0.0,328,30162,28417
2014,6,15,7,22.2,22.2,7.4,7.4,0.0,328,18611,28382
2014,6,16,1,22.2,22.2,5.6,5.6,0.0,328,33435,34932
2014,6,17,2,28.3,28.3,7.4,7.4,0.0,328,30548,35097
2014,6,18,3,27.2,27.2,5.6,5.6,0.0,328,29084,35531
2014,6,19,4,21.1,21.1,5.6,5.6,0.0,328,18308,31724
2014,6,20,5,22.8,22.8,9.3,9.3,0.0,328,28417,34405
2014,6,21,6,18.9,18.9,5.6,5.6,0.0,328,28382,30288
2014,6,22,7,20.6,20.6,0.0,0.0,0.0,328,34932,29417
2014,6,23,1,21.7,21.7,9.3,9.3,0.0,328,35097,32580
2014,6,24,2,22.0,22.0,7.4,7.4,0.0,328,35531,35897
2014,6,25,3,24.4,24.4,7.4,7.4,0.0,328,31724,34340
2014,6,26,4,25.6,25.6,9.3,9.3,0.0,328,34405,34846
2014,6,27,5,20.6,20.6,0.0,0.0,0.0,328,30288,35823
2014,6,28,6,21.7,21.7,0.0,0.0,0.0,328,29417,28507
2014,6,29,7,23.3,23.3,0.0,0.0,0.0,328,32580,27986
2014,6,30,1,23.9,23.9,7.4,7.4,0.0,328,35897,33597
2014,7,1,2,26.7,26.7,9.3,9.3,0.0,328,34340,34854
2014,7,2,3,22.8,22.8,7.4,7.4,0.06,328,34846,26582
2014,7,3,4,21.1,21.1,5.6,5.6,0.0,328,35823,27587
2014,7,4,5,20.0,20.0,14.8,14.8,0.0,328,28507,13612
2014,7,5,6,23.9,23.9,7.4,7.4,0.0,328,27986,22913
2014,7,6,7,24.4,24.4,0.0,0.0,0.0,328,33597,23822
2014,7,7,1,28.3,28.3,7.4,7.4,0.0,328,34854,31863
2014,7,8,2,25.0,25.0,20.4,20.4,0.0,328,26582,32713
2014,7,9,3,22.8,22.8,9.3,9.3,0.0,328,27587,34426
2014,7,10,4,23.9,23.9,0.0,0.0,0.0,328,13612,36288
2014,7,11,5,22.2,22.2,0.0,0.0,0.0,328,22913,35000
2014,7,12,6,23.9,23.9,7.4,7.4,0.0,328,23822,28718
2014,7,13,7,25.6,25.6,7.4,7.4,0.0,328,31863,24869
2014,7,14,1,22.8,22.8,9.3,9.3,0.04,328,32713,25825
2014,7,15,2,22.2,22.2,0.0,0.0,0.0,328,34426,22963
2014,7,16,3,23.3,23.3,0.0,0.0,0.0,328,36288,35391
2014,7,17,4,22.8,22.8,7.4,7.4,0.0,328,35000,38619
2014,7,18,5,22.0,22.0,0.0,0.0,0.0,328,28718,36105
2014,7,19,6,21.0,21.0,0.0,0.0,0.0,328,24869,29291
2014,7,20,7,21.1,21.1,0.0,0.0,0.0,328,25825,30296
2014,7,21,1,23.3,23.3,0.0,0.0,0.0,328,22963,35670
2014,7,22,2,25.6,25.6,7.4,7.4,0.0,328,35391,36886
2014,7,23,3,23.9,23.9,7.4,7.4,0.01,328,38619,34173
2014,7,24,4,23.3,23.3,0.0,0.0,0.0,328,36105,36693
2014,7,25,5,22.8,22.8,11.1,11.1,0.0,328,29291,36384
2014,7,26,6,23.3,23.3,5.6,5.6,0.0,328,30296,27179
2014,7,27,7,26.7,26.7,0.0,0.0,0.0,328,35670,27004
2014,7,28,1,21.1,21.1,14.8,14.8,0.0,328,36886,33189
2014,7,29,2,20.6,20.6,7.4,7.4,0.0,328,34173,37092
2014,7,30,3,22.2,22.2,9.3,9.3,0.0,328,36693,37377
2014,7,31,4,23.9,23.9,7.4,7.4,0.0,328,36384,35458
2014,8,1,5,23.3,23.3,7.4,7.4,0.0,326,27179,32654
2014,8,2,6,19.4,19.4,9.3,9.3,0.0,326,27004,26784
2014,8,3,7,21.0,21.0,7.4,7.4,0.0,326,33189,25276
2014,8,4,1,25.0,25.0,5.6,5.6,0.0,326,37092,33822
2014,8,5,2,25.0,25.0,0.0,0.0,0.0,326,37377,34392
2014,8,6,3,23.9,23.9,7.4,7.4,0.0,326,35458,36336
2014,8,7,4,22.2,22.2,0.0,0.0,0.0,326,32654,36362
2014,8,8,5,23.9,23.9,5.6,5.6,0.0,326,26784,34073
2014,8,9,6,24.4,24.4,0.0,0.0,0.0,326,25276,31636
2014,8,10,7,25.0,25.0,7.4,7.4,0.0,326,33822,26749
2014,8,11,1,23.3,23.3,5.6,5.6,0.0,326,34392,33664
2014,8,12,2,21.7,21.7,7.4,7.4,0.02,326,36336,26261
2014,8,13,3,23.3,23.3,7.4,7.4,0.0,326,36362,27977
2014,8,14,4,22.2,22.2,9.3,9.3,0.0,326,34073,35154
2014,8,15,5,20.0,20.0,0.0,0.0,0.0,326,31636,32480
2014,8,16,6,22.8,22.8,9.3,9.3,0.0,326,26749,32017
2014,8,17,7,22.2,22.2,5.6,5.6,0.0,326,33664,27417
2014,8,18,1,22.2,22.2,7.4,7.4,0.0,326,26261,34339
2014,8,19,2,22.0,22.0,7.4,7.4,0.0,326,27977,35367
2014,8,20,3,23.0,23.0,5.6,5.6,0.0,326,35154,35532
2014,8,21,4,20.6,20.6,7.4,7.4,0.09,326,32480,33804
2014,8,22,5,21.7,21.7,11.1,11.1,0.0,326,32017,30406
2014,8,23,6,20.0,20.0,0.0,0.0,0.0,326,27417,26429
2014,8,24,7,20.0,20.0,0.0,0.0,0.0,326,34339,27493
2014,8,25,1,26.1,26.1,5.6,5.6,0.0,326,35367,32892
2014,8,26,2,23.0,23.0,5.6,5.6,0.0,326,35532,34519
2014,8,27,3,25.6,25.6,5.6,5.6,0.0,326,33804,33721
2014,8,28,4,21.0,21.0,9.3,9.3,0.0,326,30406,33927
2014,8,29,5,20.0,20.0,0.0,0.0,0.0,326,26429,31264
2014,8,30,6,22.8,22.8,0.0,0.0,0.0,326,27493,22689
2014,8,31,7,24.4,24.4,7.4,7.4,0.0,326,32892,18053
2014,9,1,1,27.2,27.2,7.4,7.4,0.0,328,34519,23575
2014,9,2,2,29.0,29.0,22.2,22.2,0.0,328,33721,30507
2014,9,3,3,24.4,24.4,0.0,0.0,0.0,328,33927,35535
2014,9,4,4,25.0,25.0,7.4,7.4,0.0,328,31264,36496
2014,9,5,5,26.1,26.1,5.6,5.6,0.0,328,22689,34831
2014,9,6,6,21.1,21.1,9.3,9.3,0.09,328,18053,25833
2014,9,7,7,21.1,21.1,5.6,5.6,0.0,328,23575,29721
2014,9,8,1,20.0,20.0,14.8,14.8,0.0,328,30507,34335
2014,9,9,2,20.6,20.6,9.3,9.3,0.0,328,35535,34518
2014,9,10,3,20.6,20.6,7.4,7.4,0.0,328,36496,37653
2014,9,11,4,24.4,24.4,11.1,11.1,0.0,328,34831,37081
2014,9,12,5,17.8,17.8,7.4,7.4,0.0,328,25833,37204
2014,9,13,6,16.1,16.1,5.6,5.6,0.0,328,29721,17293
2014,9,14,7,16.7,16.7,0.0,0.0,0.0,328,34335,28688
2014,9,15,1,17.2,17.2,5.6,5.6,0.0,328,34518,35045
2014,9,16,2,18.0,18.0,0.0,0.0,0.0,328,37653,25633
2014,9,17,3,17.2,17.2,5.6,5.6,0.0,328,37081,37453
2014,9,18,4,19.4,19.4,5.6,5.6,0.0,328,37204,37381
2014,9,19,5,16.1,16.1,11.1,11.1,0.0,328,17293,34713
2014,9,20,6,21.1,21.1,0.0,0.0,0.0,328,28688,30011
2014,9,21,7,22.0,22.0,5.6,5.6,0.0,328,35045,26080
2014,9,22,1,13.9,13.9,9.3,9.3,0.0,328,25633,33239
2014,9,23,2,16.7,16.7,0.0,0.0,0.0,328,37453,36347
2014,9,24,3,18.3,18.3,11.1,11.1,0.0,328,37381,35481
2014,9,25,4,16.1,16.1,9.3,9.3,0.0,328,34713,16650
2014,9,26,5,18.9,18.9,5.6,5.6,0.0,328,30011,35116
2014,9,27,6,22.2,22.2,0.0,0.0,0.0,328,26080,30193
2014,9,28,7,22.2,22.2,9.3,9.3,0.0,328,33239,29021
2014,9,29,1,22.2,22.2,0.0,0.0,0.0,328,36347,33161
2014,9,30,2,18.3,18.3,7.4,7.4,0.0,328,35481,35093
2014,10,1,3,16.1,16.1,11.1,11.1,0.0,329,16650,27942
2014,10,2,4,17.2,17.2,11.1,11.1,0.0,329,35116,34492
2014,10,3,5,17.2,17.2,7.4,7.4,0.0,329,30193,34944
2014,10,4,6,13.3,13.3,14.8,14.8,0.0,329,29021,13354
2014,10,5,7,11.7,11.7,0.0,0.0,0.0,329,33161,23456
2014,10,6,1,17.2,17.2,7.4,7.4,0.0,329,35093,31742
2014,10,7,2,19.4,19.4,0.0,0.0,0.0,329,27942,32892
2014,10,8,3,17.8,17.8,13.0,13.0,0.0,329,34492,33607
2014,10,9,4,16.7,16.7,13.0,13.0,0.0,329,34944,32203
2014,10,10,5,15.0,15.0,5.6,5.6,0.0,329,13354,30887
2014,10,11,6,11.1,11.1,5.6,5.6,0.0,329,23456,12965
2014,10,12,7,12.8,12.8,5.6,5.6,0.0,329,31742,23394
2014,10,13,1,17.2,17.2,0.0,0.0,0.01,329,32892,22752
2014,10,14,2,21.1,21.1,14.8,14.8,0.0,329,33607,32614
2014,10,15,3,20.6,20.6,0.0,0.0,0.2,329,32203,28743
2014,10,16,4,17.8,17.8,0.0,0.0,0.0,329,30887,26754
2014,10,17,5,17.2,17.2,0.0,0.0,0.0,329,12965,34132
2014,10,18,6,13.9,13.9,14.8,14.8,0.0,329,23394,24978
2014,10,19,7,7.2,7.2,7.4,7.4,0.0,329,22752,18840
2014,10,20,1,14.4,14.4,0.0,0.0,0.0,329,32614,27914
2014,10,21,2,13.0,13.0,5.6,5.6,0.0,329,28743,31330
2014,10,22,3,10.0,10.0,16.7,16.7,0.14,329,26754,9169
2014,10,23,4,11.7,11.7,7.4,7.4,0.0,329,34132,13371
2014,10,24,5,14.4,14.4,11.1,11.1,0.0,329,24978,29837
2014,10,25,6,16.7,16.7,13.0,13.0,0.0,329,18840,24952
2014,10,26,7,13.3,13.3,14.8,14.8,0.0,329,27914,20768
2014,10,27,1,14.4,14.4,7.4,7.4,0.0,329,31330,28806
2014,10,28,2,18.9,18.9,7.4,7.4,0.0,329,9169,32956
2014,10,29,3,11.7,11.7,11.1,11.1,0.0,329,13371,29999
2014,10,30,4,9.4,9.4,5.6,5.6,0.0,329,29837,31133
2014,10,31,5,10.0,10.0,16.7,16.7,0.01,329,24952,27785
2014,11,1,6,6.1,6.1,18.5,18.5,0.0,329,20768,6002
2014,11,2,7,5.0,5.0,18.5,18.5,0.0,329,28806,14100
2014,11,3,1,12.8,12.8,9.3,9.3,0.0,329,32956,26757
2014,11,4,2,16.1,16.1,0.0,0.0,0.0,329,29999,31174
2014,11,5,3,13.9,13.9,0.0,0.0,0.0,329,31133,30539
2014,11,6,4,10.0,10.0,9.3,9.3,0.0,329,27785,12283
2014,11,7,5,4.4,4.4,9.3,9.3,0.0,329,6002,25355
2014,11,8,6,8.3,8.3,9.3,9.3,0.0,329,14100,17443
2014,11,9,7,8.9,8.9,0.0,0.0,0.0,329,26757,18207
2014,11,10,1,12.2,12.2,5.6,5.6,0.0,329,31174,27655
2014,11,11,2,15.0,15.0,0.0,0.0,0.0,329,30539,29358
2014,11,12,3,8.9,8.9,5.6,5.6,0.0,329,12283,27807
2014,11,13,4,2.8,2.8,0.0,0.0,0.04,329,25355,20652
2014,11,14,5,2.8,2.8,11.1,11.1,0.0,329,17443,21082
2014,11,15,6,2.8,2.8,5.6,5.6,0.0,329,18207,14057
2014,11,16,7,6.1,6.1,14.8,14.8,0.0,329,27655,13272
2014,11,17,1,7.8,7.8,16.7,16.7,0.0,329,29358,8116
2014,11,18,2,-3.9,-3.9,14.8,14.8,0.0,329,27807,16691
2014,11,19,3,1.1,1.1,0.0,0.0,0.0,329,20652,16694
2014,11,20,4,0.6,0.6,9.3,9.3,0.0,329,21082,20611
2014,11,21,5,-0.6,-0.6,0.0,0.0,0.0,329,14057,17806
2014,11,22,6,6.1,6.1,11.1,11.1,0.0,329,13272,12682
2014,11,23,7,12.2,12.2,5.6,5.6,0.0,329,8116,15669
2014,11,24,1,18.9,18.9,0.0,0.0,0.0,329,16691,23031
2014,11,25,2,10.6,10.6,11.1,11.1,0.0,329,16694,25580
2014,11,26,3,2.0,2.0,14.8,14.8,0.0,329,20611,3675
2014,11,27,4,2.2,2.2,16.7,16.7,0.0,329,17806,3945
2014,11,28,5,-1.7,-1.7,9.3,9.3,0.0,329,12682,8378
2014,11,29,6,6.7,6.7,7.4,7.4,0.0,329,15669,8183
2014,11,30,7,12.8,12.8,13.0,13.0,0.0,329,23031,12384
2014,12,1,1,6.1,6.1,14.8,14.8,0.0,330,25580,18519
2014,12,2,2,6.1,6.1,9.3,9.3,0.03,330,3675,15367
2014,12,3,3,5.6,5.6,11.1,11.1,0.0,330,3945,13472
2014,12,4,4,2.8,2.8,11.1,11.1,0.0,330,8378,21335
2014,12,5,5,5.6,5.6,0.0,0.0,0.11,330,8183,15818
2014,12,6,6,3.9,3.9,22.2,22.2,0.05,330,12384,4047
2014,12,7,7,-0.6,-0.6,11.1,11.1,0.0,330,18519,10510
2014,12,8,1,2.2,2.2,20.4,20.4,0.0,330,15367,15557
2014,12,9,2,5.0,5.0,13.0,13.0,0.0,330,13472,6713
2014,12,10,3,1.7,1.7,20.4,20.4,0.0,330,21335,10399
2014,12,11,4,1.1,1.1,0.0,0.0,0.0,330,15818,18141
2014,12,12,5,1.7,1.7,20.4,20.4,0.0,330,4047,17892
2014,12,13,6,3.9,3.9,14.8,14.8,0.0,330,10510,12549
2014,12,14,7,5.0,5.0,9.3,9.3,0.0,330,15557,11941
2014,12,15,1,5.0,5.0,0.0,0.0,0.0,330,6713,19382
2014,12,16,2,7.8,7.8,7.4,7.4,0.01,330,10399,16816
2014,12,17,3,6.1,6.1,16.7,16.7,0.0,330,18141,20346
2014,12,18,4,3.3,3.3,9.3,9.3,0.0,330,17892,19051
2014,12,19,5,0.0,0.0,9.3,9.3,0.0,330,12549,17200
2014,12,20,6,0.0,0.0,0.0,0.0,0.0,330,11941,9582
2014,12,21,7,1.7,1.7,9.3,9.3,0.0,330,19382,8747
2014,12,22,1,6.7,6.7,9.3,9.3,0.0,330,16816,13560
2014,12,23,2,7.8,7.8,11.1,11.1,0.0,330,20346,9422
2014,12,24,3,12.2,12.2,5.6,5.6,0.0,330,19051,4285
2014,12,25,4,7.8,7.8,18.5,18.5,0.0,330,17200,4890
2014,12,26,5,6.1,6.1,0.0,0.0,0.0,330,9582,9895
2014,12,27,6,10.0,10.0,9.3,9.3,0.0,330,8747,10247
2014,12,28,7,6.7,6.7,9.3,9.3,0.0,330,13560,7902
2014,12,29,1,1.7,1.7,5.6,5.6,0.0,330,9422,13549
2014,12,30,2,-2.2,-2.2,0.0,0.0,0.0,330,4285,12196
2014,12,31,3,-1.7,-1.7,0.0,0.0,0.0,330,4890,9739
2015,1,1,4,3.3,3.3,16.7,16.7,0.0,330,9895,5317
2015,1,2,5,2.2,2.2,5.6,5.6,0.0,330,10247,11304
2015,1,3,6,5.0,5.0,13.0,13.0,0.01,330,7902,4478
2015,1,4,7,10.6,10.6,22.2,22.2,0.0,330,13549,7849
2015,1,5,1,-5.6,-5.6,13.0,13.0,0.0,330,12196,14506
2015,1,6,2,-6.1,-6.1,14.8,14.8,0.0,330,9739,8739
2015,1,7,3,-12.2,-12.2,20.4,20.4,0.0,330,5317,9646
2015,1,8,4,-7.8,-7.8,9.3,9.3,0.0,330,11304,8779
2015,1,9,5,-3.9,-3.9,11.1,11.1,0.0,330,4478,7930
2015,1,10,6,-7.2,-7.2,13.0,13.0,0.0,330,7849,6109
2015,1,11,7,2.8,2.8,9.3,9.3,0.0,330,14506,7467
2015,1,12,1,2.8,2.8,13.0,13.0,0.0,330,8739,8645
2015,1,13,2,-8.3,-8.3,11.1,11.1,0.0,330,9646,12797
2015,1,14,3,-1.1,-1.1,0.0,0.0,0.0,330,8779,13086
2015,1,15,4,-0.6,-0.6,9.3,9.3,0.0,330,7930,14075
2015,1,16,5,-6.7,-6.7,14.8,14.8,0.0,330,6109,13843
2015,1,17,6,-0.6,-0.6,11.1,11.1,0.0,330,7467,7491
2015,1,18,7,4.4,4.4,9.3,9.3,0.0,330,8645,1795
2015,1,19,1,3.9,3.9,11.1,11.1,0.0,330,12797,10710
2015,1,20,2,0.6,0.6,11.1,11.1,0.0,330,13086,16129
2015,1,21,3,0.6,0.6,9.3,9.3,0.0,330,14075,15234
2015,1,22,4,0.0,0.0,16.7,16.7,0.0,330,13843,15864
2015,1,23,5,2.8,2.8,14.8,14.8,0.0,330,7491,15737
2015,1,24,6,2.2,2.2,13.0,13.0,0.0,330,1795,4814
2015,1,25,7,0.0,0.0,20.4,20.4,0.0,330,10710,9379
2015,1,26,1,-3.9,-3.9,22.2,22.2,0.02,330,16129,4141
2015,1,27,2,-6.1,-6.1,16.7,16.7,0.0,330,15234,1214
2015,1,28,3,-3.3,-3.3,5.6,5.6,0.0,330,15864,5401
2015,1,29,4,0.0,0.0,0.0,0.0,0.01,330,15737,8870
2015,1,30,5,-6.7,-6.7,24.1,24.1,0.0,330,4814,9015
2015,1,31,6,-6.7,-6.7,0.0,0.0,0.0,330,9379,5188
2015,2,1,7,0.6,0.6,13.0,13.0,0.01,328,4141,6441
2015,2,2,1,-10.0,-10.0,16.7,16.7,0.0,328,1214,1459
2015,2,3,2,-3.9,-3.9,14.8,14.8,0.0,328,5401,4754
2015,2,4,3,5.6,5.6,9.3,9.3,0.0,328,8870,8973
2015,2,5,4,-9.4,-9.4,18.5,18.5,0.0,328,9015,9208
2015,2,6,5,-3.3,-3.3,13.0,13.0,0.0,328,5188,8575
2015,2,7,6,2.8,2.8,5.6,5.6,0.0,328,6441,6790
2015,2,8,7,-0.6,-0.6,20.4,20.4,0.0,328,1459,6662
2015,2,9,1,-2.8,-2.8,9.3,9.3,0.0,328,4754,5160
2015,2,10,2,-1.1,-1.1,20.4,20.4,0.0,328,8973,10328
2015,2,11,3,-1.7,-1.7,7.4,7.4,0.0,328,9208,11439
2015,2,12,4,-6.1,-6.1,18.5,18.5,0.0,328,8575,11269
2015,2,13,5,-8.3,-8.3,11.1,11.1,0.0,328,6790,7642
2015,2,14,6,-2.8,-2.8,14.8,14.8,0.0,328,6662,4614
2015,2,15,7,-15.6,-15.6,31.5,31.5,0.0,328,5160,2581
2015,2,16,1,-7.0,-7.0,5.6,5.6,0.0,328,10328,3998
2015,2,17,2,-4.4,-4.4,0.0,0.0,0.0,328,11439,4784
2015,2,18,3,-2.2,-2.2,11.1,11.1,0.0,328,11269,9170
2015,2,19,4,-12.2,-12.2,16.7,16.7,0.0,328,7642,7799
2015,2,20,5,-9.4,-9.4,5.6,5.6,0.0,328,4614,6159
2015,2,21,6,0.0,0.0,9.3,9.3,0.07,328,2581,3157
2015,2,22,7,3.9,3.9,13.0,13.0,0.0,328,3998,4274
2015,2,23,1,-13.3,-13.3,0.0,0.0,0.0,328,4784,7458
2015,2,24,2,-5.0,-5.0,13.0,13.0,0.0,328,9170,7402
2015,2,25,3,0.6,0.6,7.4,7.4,0.0,328,7799,10751
2015,2,26,4,-5.6,-5.6,5.6,5.6,0.0,328,6159,9901
2015,2,27,5,-5.6,-5.6,16.7,16.7,0.0,328,3157,9864
2015,2,28,6,-2.8,-2.8,5.6,5.6,0.0,328,4274,6318
2015,3,1,7,-2.2,-2.2,5.6,5.6,0.0,328,7458,2879
2015,3,2,1,-1.7,-1.7,14.8,14.8,0.0,328,7402,7283
2015,3,3,2,2.2,2.2,11.1,11.1,0.07,328,10751,6533
2015,3,4,3,5.0,5.0,5.6,5.6,0.05,328,9901,7514
2015,3,5,4,-6.7,-6.7,9.3,9.3,0.0,328,9864,1637
2015,3,6,5,-5.6,-5.6,9.3,9.3,0.0,328,6318,5162
2015,3,7,6,3.3,3.3,5.6,5.6,0.0,328,2879,5590
2015,3,8,7,6.1,6.1,9.3,9.3,0.0,328,7283,7898
2015,3,9,1,9.4,9.4,5.6,5.6,0.0,328,6533,14878
2015,3,10,2,7.0,7.0,5.6,5.6,0.05,328,7514,11781
2015,3,11,3,10.0,10.0,13.0,13.0,0.0,328,1637,19561
2015,3,12,4,3.9,3.9,0.0,0.0,0.0,328,5162,17530
2015,3,13,5,4.4,4.4,5.6,5.6,0.0,328,5590,16145
2015,3,14,6,6.7,6.7,11.1,11.1,0.01,328,7898,3906
2015,3,15,7,2.8,2.8,20.4,20.4,0.0,328,14878,8838
2015,3,16,1,10.0,10.0,0.0,0.0,0.0,328,11781,16787
2015,3,17,2,1.7,1.7,22.2,22.2,0.0,328,19561,14857
2015,3,18,3,-0.6,-0.6,11.1,11.1,0.0,328,17530,13842
2015,3,19,4,3.3,3.3,7.4,7.4,0.0,328,16145,15446
2015,3,20,5,-1.7,-1.7,14.8,14.8,0.0,328,3906,8052
2015,3,21,6,7.8,7.8,16.7,16.7,0.0,328,8838,9338
2015,3,22,7,-1.1,-1.1,9.3,9.3,0.0,328,16787,9676
2015,3,23,1,0.0,0.0,0.0,0.0,0.0,328,14857,13538
2015,3,24,2,3.9,3.9,5.6,5.6,0.0,328,13842,16166
2015,3,25,3,6.1,6.1,0.0,0.0,0.0,328,15446,14670
2015,3,26,4,6.7,6.7,11.1,11.1,0.06,328,8052,14954
2015,3,27,5,5.6,5.6,7.4,7.4,0.0,328,9338,14107
2015,3,28,6,-1.7,-1.7,11.1,11.1,0.0,328,14954,1107
2015,3,29,7,5.0,5.0,9.3,9.3,0.0,328,335,9826
2015,3,30,1,7.2,7.2,18.5,18.5,0.0,328,1,18075
2015,3,31,2,2.2,2.2,7.4,7.4,0.0,328,9251,14250
2015,4,1,3,7.2,7.2,5.6,5.6,0.0,327,17928,20146
2015,4,2,4,15.0,15.0,9.3,9.3,0.0,327,12,24227
2015,4,3,5,15.6,15.6,0.0,0.0,0.0,327,1,14774
2015,4,4,6,6.7,6.7,7.4,7.4,0.0,327,24119,14355
2015,4,5,7,8.9,8.9,7.4,7.4,0.0,327,28,13799
2015,4,6,1,16.7,16.7,13.0,13.0,0.0,327,23334,23391
2015,4,7,2,6.1,6.1,16.7,16.7,0.02,327,6051,16262
2015,4,8,3,2.8,2.8,20.4,20.4,0.0,327,5,17872
2015,4,9,4,5.0,5.0,9.3,9.3,0.0,327,212,16546
2015,4,10,5,12.2,12.2,11.1,11.1,0.0,327,1,16317
2015,4,11,6,7.8,7.8,14.8,14.8,0.0,327,3,18643
2015,4,12,7,10.6,10.6,7.4,7.4,0.0,327,3,19954
2015,4,13,1,16.1,16.1,9.3,9.3,0.0,327,4,24925
2015,4,14,2,15.6,15.6,7.4,7.4,0.0,327,3,22703
2015,4,15,3,16.1,16.1,14.8,14.8,0.0,327,7690,27594
2015,4,16,4,13.9,13.9,7.4,7.4,0.0,327,1,27180
2015,4,17,5,18.9,18.9,0.0,0.0,0.0,327,11385,24175
2015,4,18,6,19.4,19.4,7.4,7.4,0.0,327,5,28174
2015,4,19,7,8.9,8.9,11.1,11.1,0.0,327,1,21475
2015,4,20,1,11.1,11.1,5.6,5.6,0.0,327,9195,11202
2015,4,21,2,13.9,13.9,5.6,5.6,0.0,327,3514,24868
2015,4,22,3,11.1,11.1,11.1,11.1,0.0,327,1,21997
2015,4,23,4,6.1,6.1,13.0,13.0,0.0,327,3,22074
2015,4,24,5,5.0,5.0,0.0,0.0,0.0,327,1,20981
2015,4,25,6,11.1,11.1,13.0,13.0,0.0,327,3,21082
2015,4,26,7,11.7,11.7,9.3,9.3,0.0,327,1,21594
2015,4,27,1,12.2,12.2,7.4,7.4,0.0,327,25496,25501
2015,4,28,2,16.7,16.7,9.3,9.3,0.0,327,1,29795
2015,4,29,3,11.7,11.7,18.5,18.5,0.0,327,4,31532
2015,4,30,4,11.1,11.1,7.4,7.4,0.0,327,1,29252
2015,5,1,5,10.0,10.0,0.0,0.0,0.0,327,4,27924
2015,5,2,6,11.1,11.1,0.0,0.0,0.0,327,29221,25743
2015,5,3,7,17.8,17.8,0.0,0.0,0.0,327,416,27694
2015,5,4,1,22.8,22.8,11.1,11.1,0.0,327,25378,32066
2015,5,5,2,21.7,21.7,0.0,0.0,0.0,327,27690,33012
2015,5,6,3,16.1,16.1,0.0,0.0,0.0,327,26150,30313
2015,5,7,4,15.0,15.0,5.6,5.6,0.0,327,12895,34871
2015,5,8,5,16.7,16.7,7.4,7.4,0.0,327,4,34304
2015,5,9,6,16.1,16.1,7.4,7.4,0.0,327,17417,24329
2015,5,10,7,23.9,23.9,7.4,7.4,0.0,327,34867,26573
2015,5,11,1,21.1,21.1,9.3,9.3,0.0,327,4,32382
2015,5,12,2,20.6,20.6,9.3,9.3,0.0,327,1,35225
2015,5,13,3,12.8,12.8,7.4,7.4,0.0,327,1,33402
2015,5,14,4,16.7,16.7,9.3,9.3,0.0,327,1,40826
2015,5,15,5,17.8,17.8,0.0,0.0,0.0,327,1,34945
2015,5,16,6,19.4,19.4,0.0,0.0,0.01,327,2,23882
2015,5,17,7,23.3,23.3,5.6,5.6,0.0,327,2,30969
2015,5,18,1,16.1,16.1,7.4,7.4,0.0,327,2,31559
2015,5,19,2,23.3,23.3,5.6,5.6,0.0,327,27310,33895
2015,5,20,3,13.3,13.3,5.6,5.6,0.0,327,40826,33823
2015,5,21,4,12.8,12.8,0.0,0.0,0.0,327,34945,31214
2015,5,22,5,17.2,17.2,5.6,5.6,0.0,327,31559,31891
2015,5,23,6,14.4,14.4,0.0,0.0,0.0,327,33895,23910
2015,5,24,7,21.1,21.1,0.0,0.0,0.0,327,33823,25151
2015,5,25,1,23.3,23.3,5.6,5.6,0.0,327,31214,28164
2015,5,26,2,23.9,23.9,13.0,13.0,0.0,327,31890,35786
2015,5,27,3,21.7,21.7,5.6,5.6,0.03,327,58,33710
2015,5,28,4,24.4,24.4,5.6,5.6,0.0,327,1,35934
2015,5,29,5,20.0,20.0,0.0,0.0,0.0,327,23852,37756
2015,5,30,6,23.3,23.3,9.3,9.3,0.0,327,25151,31147
2015,5,31,7,17.2,17.2,13.0,13.0,0.0,327,28164,19586
2015,6,1,1,11.7,11.7,20.4,20.4,0.03,326,35786,15283
2015,6,2,2,11.7,11.7,7.4,7.4,0.0,326,33710,11984
2015,6,3,3,12.8,12.8,5.6,5.6,0.0,326,35934,34590
2015,6,4,4,13.9,13.9,9.3,9.3,0.0,326,37756,32772
2015,6,5,5,16.7,16.7,0.0,0.0,0.0,326,31147,31294
2015,6,6,6,17.8,17.8,0.0,0.0,0.0,326,19586,26334
2015,6,7,7,17.8,17.8,0.0,0.0,0.0,326,15283,30773
2015,6,8,1,21.1,21.1,11.1,11.1,0.01,326,11984,33585
2015,6,9,2,22.8,22.8,7.4,7.4,0.0,326,34590,35412
2015,6,10,3,24.4,24.4,7.4,7.4,0.0,326,32772,39350
2015,6,11,4,29.4,29.4,9.3,9.3,0.0,326,31294,37400
2015,6,12,5,28.9,28.9,9.3,9.3,0.0,326,35103,35136
2015,6,13,6,24.4,24.4,0.0,0.0,0.0,326,55,29980
2015,6,14,7,19.4,19.4,0.0,0.0,0.17,326,8,28184
2015,6,15,1,18.3,18.3,16.7,16.7,0.0,326,14,25087
2015,6,16,2,23.3,23.3,5.6,5.6,0.0,326,5,32147
2015,6,17,3,19.4,19.4,9.3,9.3,0.0,326,29910,38030
2015,6,18,4,19.4,19.4,0.0,0.0,0.0,326,28184,35464
2015,6,19,5,25.0,25.0,0.0,0.0,0.0,326,25087,37380
2015,6,20,6,20.6,20.6,5.6,5.6,0.0,326,32147,23580
2015,6,21,7,22.8,22.8,0.0,0.0,0.28,326,1,25926
2015,6,22,1,27.8,27.8,9.3,9.3,0.0,326,35367,37677
2015,6,23,2,26.1,26.1,7.4,7.4,0.0,326,37380,32294
2015,6,24,3,24.4,24.4,0.0,0.0,0.0,326,23580,41070
2015,6,25,4,23.3,23.3,7.4,7.4,0.0,326,1,39673
2015,6,26,5,21.1,21.1,11.1,11.1,0.0,326,39,38614
2015,6,27,6,16.1,16.1,20.4,20.4,0.1,326,1,15485
2015,6,28,7,22.2,22.2,9.3,9.3,0.0,326,1,20591
2015,6,29,1,22.2,22.2,5.6,5.6,0.0,326,1,38037
2015,6,30,2,23.3,23.3,7.4,7.4,0.0,326,154,38087
2015,7,1,3,25.6,25.6,7.4,7.4,0.0,330,10,37539
2015,7,2,4,22.8,22.8,5.6,5.6,0.0,330,37925,35559
2015,7,3,5,22.2,22.2,0.0,0.0,0.0,330,15485,26928
2015,7,4,6,22.2,22.2,0.0,0.0,0.0,330,20591,21706
2015,7,5,7,23.9,23.9,0.0,0.0,0.0,330,38037,25920
2015,7,6,1,24.0,24.0,0.0,0.0,0.0,330,38087,35251
2015,7,7,2,27.2,27.2,0.0,0.0,0.0,330,37539,36837
2015,7,8,3,25.0,25.0,0.0,0.0,0.0,330,35559,35047
2015,7,9,4,22.8,22.8,0.0,0.0,0.0,330,26928,31978
2015,7,10,5,25.6,25.6,0.0,0.0,0.0,330,21706,38559
2015,7,11,6,25.6,25.6,0.0,0.0,0.0,330,25920,31719
2015,7,12,7,26.1,26.1,5.6,5.6,0.0,330,1,31037
2015,7,13,1,23.3,23.3,0.0,0.0,0.0,330,2,38485
2015,7,14,2,24.4,24.4,7.4,7.4,0.0,330,1,35802
2015,7,15,3,23.3,23.3,13.0,13.0,0.0,330,1,34979
2015,7,16,4,21.1,21.1,0.0,0.0,0.0,330,1,42356
2015,7,17,5,22.8,22.8,0.0,0.0,0.0,330,32633,39595
2015,7,18,6,27.8,27.8,11.1,11.1,0.0,330,35802,28870
2015,7,19,7,31.1,31.1,5.6,5.6,0.0,330,34979,28531
2015,7,20,1,30.0,30.0,0.0,0.0,0.0,330,42356,34889
2015,7,21,2,25.6,25.6,5.6,5.6,0.0,330,39594,38499
2015,7,22,3,24.4,24.4,7.4,7.4,0.0,330,440,42557
2015,7,23,4,23.9,23.9,5.6,5.6,0.0,330,1,42175
2015,7,24,5,25.6,25.6,0.0,0.0,0.0,330,34889,40330
2015,7,25,6,25.0,25.0,0.0,0.0,0.0,330,38499,31639
2015,7,26,7,26.1,26.1,9.3,9.3,0.0,330,42557,30543
2015,7,27,1,25.6,25.6,0.0,0.0,0.0,330,42175,38747
2015,7,28,2,28.3,28.3,7.4,7.4,0.0,330,40322,40434
2015,7,29,3,28.9,28.9,9.3,9.3,0.0,330,1251,39428
2015,7,30,4,25.0,25.0,7.4,7.4,0.0,330,8,31166
2015,7,31,5,27.2,27.2,0.0,0.0,0.0,330,30388,38571
2015,8,1,6,26.1,26.1,7.4,7.4,0.0,419,30543,35179
2015,8,2,7,25.6,25.6,0.0,0.0,0.0,419,38747,31622
2015,8,3,1,27.8,27.8,0.0,0.0,0.0,419,40434,38888
2015,8,4,2,27.2,27.2,7.4,7.4,0.0,419,39428,40783
2015,8,5,3,25.0,25.0,0.0,0.0,0.0,419,31166,41075
2015,8,6,4,24.4,24.4,0.0,0.0,0.0,419,38571,42283
2015,8,7,5,22.8,22.8,0.0,0.0,0.0,419,35179,40999
2015,8,8,6,22.8,22.8,0.0,0.0,0.0,419,31622,38723
2015,8,9,7,22.2,22.2,9.3,9.3,0.0,419,38888,32716
2015,8,10,1,23.9,23.9,9.3,9.3,0.0,419,40783,39870
2015,8,11,2,25.0,25.0,7.4,7.4,0.0,419,40999,25066
2015,8,12,3,23.9,23.9,9.3,9.3,0.0,419,38723,42994
2015,8,13,4,23.9,23.9,0.0,0.0,0.0,419,32716,42170
2015,8,14,5,25.0,25.0,5.6,5.6,0.0,419,1,39983
2015,8,15,6,27.8,27.8,7.4,7.4,0.0,419,1,37821
2015,8,16,7,27.8,27.8,5.6,5.6,0.0,419,42993,30344
2015,8,17,1,28.9,28.9,9.3,9.3,0.0,419,1,37449
2015,8,18,2,26.1,26.1,14.8,14.8,0.0,419,4,39916
2015,8,19,3,25.6,25.6,7.4,7.4,0.0,419,1,40726
2015,8,20,4,26.7,26.7,11.1,11.1,0.0,419,4,39280
2015,8,21,5,25.0,25.0,9.3,9.3,0.0,419,1,38038
2015,8,22,6,23.3,23.3,9.3,9.3,0.0,419,4,34277
2015,8,23,7,23.9,23.9,0.0,0.0,0.0,419,1,33071
2015,8,24,1,25.6,25.6,11.1,11.1,0.0,419,26337,38943
2015,8,25,2,25.6,25.6,7.4,7.4,0.0,419,40726,41655
2015,8,26,3,23.3,23.3,7.4,7.4,0.0,419,39280,42832
2015,8,27,4,21.7,21.7,11.1,11.1,0.0,419,38038,43173
2015,8,28,5,22.8,22.8,0.0,0.0,0.0,419,34277,41755
2015,8,29,6,24.4,24.4,7.4,7.4,0.0,419,33071,34381
2015,8,30,7,23.9,23.9,7.4,7.4,0.12,419,38943,32913
2015,8,31,1,28.9,28.9,11.1,11.1,0.0,419,41655,40119
2015,9,1,2,25.6,25.6,0.0,0.0,0.0,453,3,43291
2015,9,2,3,25.6,25.6,0.0,0.0,0.0,453,13,43225
2015,9,3,4,27.8,27.8,0.0,0.0,0.0,453,2,42879
2015,9,4,5,23.9,23.9,0.0,0.0,0.0,453,4,39956
2015,9,5,6,21.1,21.1,0.0,0.0,0.0,453,1,34005
2015,9,6,7,22.8,22.8,0.0,0.0,0.0,453,6,33199
2015,9,7,1,27.8,27.8,5.6,5.6,0.0,453,2,33682
2015,9,8,2,28.3,28.3,14.8,14.8,0.0,453,42697,42766
2015,9,9,3,27.2,27.2,0.0,0.0,0.0,453,42879,44005
2015,9,10,4,22.2,22.2,14.8,14.8,0.02,453,39956,22253
2015,9,11,5,23.9,23.9,0.0,0.0,0.0,453,34005,47613
2015,9,12,6,21.7,21.7,0.0,0.0,0.08,453,33199,33661
2015,9,13,7,17.8,17.8,11.1,11.1,0.0,453,33682,34794
2015,9,14,1,20.0,20.0,7.4,7.4,0.0,453,22253,44668
2015,9,15,2,22.8,22.8,0.0,0.0,0.0,453,47613,48729
2015,9,16,3,23.3,23.3,0.0,0.0,0.0,453,3,51179
2015,9,17,4,24.4,24.4,5.6,5.6,0.0,453,1,50705
2015,9,18,5,22.8,22.8,0.0,0.0,0.0,453,2,50285
2015,9,19,6,23.3,23.3,0.0,0.0,0.0,453,2,43011
2015,9,20,7,19.4,19.4,16.7,16.7,0.0,453,50285,40462
2015,9,21,1,20.0,20.0,7.4,7.4,0.0,453,43011,47180
2015,9,22,2,19.4,19.4,7.4,7.4,0.0,453,40460,48685
2015,9,23,3,18.3,18.3,0.0,0.0,0.0,453,6879,48366
2015,9,24,4,21.1,21.1,13.0,13.0,0.0,453,1,52706
2015,9,25,5,19.4,19.4,5.6,5.6,0.0,453,3,51368
2015,9,26,6,17.8,17.8,7.4,7.4,0.0,453,1,42560
2015,9,27,7,19.4,19.4,0.0,0.0,0.0,453,40298,38285
2015,9,28,1,22.8,22.8,7.4,7.4,0.0,453,48685,48011
2015,9,29,2,23.9,23.9,0.0,0.0,0.03,453,48366,48725
2015,9,30,3,17.2,17.2,16.7,16.7,0.0,453,52706,39445
2015,10,1,4,13.9,13.9,14.8,14.8,0.0,463,51368,34719
2015,10,2,5,8.9,8.9,25.9,25.9,0.03,463,42560,9444
2015,10,3,6,12.8,12.8,11.1,11.1,0.0,463,38285,16564
2015,10,4,7,12.8,12.8,16.7,16.7,0.0,463,48011,30214
2015,10,5,1,14.4,14.4,7.4,7.4,0.0,463,48725,44581
2015,10,6,2,18.3,18.3,5.6,5.6,0.0,463,39445,49719
2015,10,7,3,18.3,18.3,0.0,0.0,0.0,463,34719,50141
2015,10,8,4,17.2,17.2,0.0,0.0,0.0,463,9444,50179
2015,10,9,5,18.3,18.3,9.3,9.3,0.0,463,16564,37283
2015,10,10,6,13.3,13.3,5.6,5.6,0.0,463,1,39345
2015,10,11,7,16.7,16.7,9.3,9.3,0.0,463,37283,38967
2015,10,12,1,17.2,17.2,5.6,5.6,0.0,463,39338,45584
2015,10,13,2,19.4,19.4,0.0,0.0,0.0,463,2,49047
2015,10,14,3,16.1,16.1,7.4,7.4,0.0,463,1,49998
2015,10,15,4,15.0,15.0,7.4,7.4,0.0,463,4,48783
2015,10,16,5,12.2,12.2,7.4,7.4,0.0,463,1,46484
2015,10,17,6,7.2,7.2,7.4,7.4,0.0,463,26524,31809
2015,10,18,7,4.4,4.4,0.0,0.0,0.0,463,506,23978
2015,10,19,1,9.4,9.4,13.0,13.0,0.0,463,3,36570
2015,10,20,2,17.2,17.2,16.7,16.7,0.0,463,23978,45376
2015,10,21,3,18.3,18.3,7.4,7.4,0.0,463,36570,49121
2015,10,22,4,20.0,20.0,9.3,9.3,0.0,463,45371,49604
2015,10,23,5,8.3,8.3,11.1,11.1,0.0,463,181,44679
2015,10,24,6,13.3,13.3,7.4,7.4,0.0,463,2,31713
2015,10,25,7,11.1,11.1,9.3,9.3,0.0,463,1,29289
2015,10,26,1,10.0,10.0,9.3,9.3,0.0,463,3,42165
2015,10,27,2,11.1,11.1,7.4,7.4,0.0,463,48939,44553
2015,10,28,3,20.0,20.0,11.1,11.1,0.13,463,49604,20736
2015,10,29,4,15.6,15.6,0.0,0.0,0.0,463,44679,45358
2015,10,30,5,10.0,10.0,0.0,0.0,0.0,463,31713,44518
2015,10,31,6,11.1,11.1,0.0,0.0,0.0,463,29289,31756
2015,11,1,7,15.6,15.6,0.0,0.0,0.0,467,42165,30622
2015,11,2,1,13.3,13.3,0.0,0.0,0.0,467,45358,44534
2015,11,3,2,17.8,17.8,5.6,5.6,0.0,467,44518,49326
2015,11,4,3,15.0,15.0,0.0,0.0,0.0,467,31756,49487
2015,11,5,4,20.0,20.0,0.0,0.0,0.0,467,30622,43006
2015,11,6,5,21.1,21.1,7.4,7.4,0.0,467,44532,47162
2015,11,7,6,12.2,12.2,13.0,13.0,0.0,467,27,35586
2015,11,8,7,10.0,10.0,0.0,0.0,0.0,467,2,32317
2015,11,9,1,12.8,12.8,0.0,0.0,0.0,467,49299,42262
2015,11,10,2,10.6,10.6,18.5,18.5,0.02,467,47162,21585
2015,11,11,3,12.2,12.2,5.6,5.6,0.0,467,35586,37705
2015,11,12,4,14.4,14.4,20.4,20.4,0.0,467,32317,37319
2015,11,13,5,8.3,8.3,0.0,0.0,0.0,467,42262,38970
2015,11,14,6,5.6,5.6,11.1,11.1,0.0,467,1,25299
2015,11,15,7,12.8,12.8,0.0,0.0,0.0,467,38970,25990
2015,11,16,1,12.2,12.2,16.7,16.7,0.0,467,25298,40916
2015,11,17,2,7.8,7.8,0.0,0.0,0.0,467,216,38939
2015,11,18,3,13.9,13.9,0.0,0.0,0.0,467,1,41485
2015,11,19,4,17.2,17.2,5.6,5.6,0.01,467,25773,21890
2015,11,20,5,8.3,8.3,5.6,5.6,0.0,467,148,38205
2015,11,21,6,11.1,11.1,11.1,11.1,0.0,467,1,28038
2015,11,22,7,6.7,6.7,14.8,14.8,0.0,467,40768,23343
2015,11,23,1,1.1,1.1,5.6,5.6,0.0,467,38939,30136
2015,11,24,2,4.4,4.4,0.0,0.0,0.0,467,3,32218
2015,11,25,3,6.7,6.7,0.0,0.0,0.0,467,2,30295
2015,11,26,4,13.3,13.3,7.4,7.4,0.0,467,1,13291
2015,11,27,5,15.0,15.0,11.1,11.1,0.0,467,3,22824
2015,11,28,6,6.0,6.0,0.0,0.0,0.0,467,2,15830
2015,11,29,7,4.0,4.0,0.0,0.0,0.0,467,10,18452
2015,11,30,1,7.2,7.2,9.3,9.3,0.0,467,1,30213
2015,12,1,2,8.3,8.3,11.1,11.1,0.0,471,58,18399
2015,12,2,3,12.8,12.8,7.4,7.4,0.0,471,37,23782
2015,12,3,4,6.7,6.7,13.0,13.0,0.0,471,86,33917
2015,12,4,5,7.2,7.2,5.6,5.6,0.0,471,9,34737
2015,12,5,6,8.3,8.3,7.4,7.4,0.0,471,4,26358
2015,12,6,7,8.9,8.9,5.6,5.6,0.0,471,3,24943
2015,12,7,1,7.2,7.2,5.6,5.6,0.0,471,8,34139
2015,12,8,2,5.6,5.6,0.0,0.0,0.0,471,5,35614
2015,12,9,3,12.8,12.8,0.0,0.0,0.0,471,6,35306
2015,12,10,4,12.8,12.8,0.0,0.0,0.0,471,10,39099
2015,12,11,5,13.9,13.9,9.3,9.3,0.0,471,4,39060
2015,12,12,6,17.2,17.2,7.4,7.4,0.0,471,19,31957
2015,12,13,7,12.8,12.8,13.0,13.0,0.0,471,11,32001
2015,12,14,1,17.8,17.8,9.3,9.3,0.04,471,21,32518
2015,12,15,2,12.2,12.2,14.8,14.8,0.0,471,13,38661
2015,12,16,3,10.0,10.0,7.4,7.4,0.0,471,30,35643
2015,12,17,4,14.4,14.4,0.0,0.0,0.0,471,27,21961
2015,12,18,5,3.9,3.9,7.4,7.4,0.0,471,38,30704
2015,12,19,6,3.9,3.9,0.0,0.0,0.0,471,25,17778
2015,12,20,7,3.9,3.9,9.3,9.3,0.0,471,18,17030
2015,12,21,1,13.3,13.3,13.0,13.0,0.0,471,20,29800
2015,12,22,2,15.0,15.0,7.4,7.4,0.0,471,30,22941
2015,12,23,3,17.8,17.8,11.1,11.1,0.04,471,17,14817
2015,12,24,4,19.4,19.4,0.0,0.0,0.0,471,16,18447
2015,12,25,5,15.6,15.6,7.4,7.4,0.0,471,9,12333
2015,12,26,6,8.0,8.0,7.4,7.4,0.0,471,10,13914
2015,12,27,7,8.9,8.9,7.4,7.4,0.0,471,26,13177
2015,12,28,1,1.7,1.7,11.1,11.1,0.0,471,11,18889
2015,12,29,2,4.4,4.4,7.4,7.4,0.0,471,9,13347
2015,12,30,3,7.8,7.8,7.4,7.4,0.06,471,1,22477
2015,12,31,4,5.6,5.6,11.1,11.1,0.0,471,1,20376
2016,1,1,5,1.7,1.7,9.3,9.3,0.0,472,3,11009
2016,1,2,6,1.7,1.7,11.1,11.1,0.0,472,1,14587
2016,1,3,7,2.8,2.8,14.8,14.8,0.0,472,4,15499
2016,1,4,1,-7.8,-7.8,16.7,16.7,0.0,472,14587,19593
2016,1,5,2,-2.2,-2.2,0.0,0.0,0.0,472,15497,18053
2016,1,6,3,1.7,1.7,9.3,9.3,0.0,472,78,24569
2016,1,7,4,3.9,3.9,5.6,5.6,0.0,472,2,27773
2016,1,8,5,6.0,6.0,16.7,16.7,0.0,472,19513,28709
2016,1,9,6,7.8,7.8,11.1,11.1,0.0,472,81,20846
2016,1,10,7,5.0,5.0,24.1,24.1,0.0,472,2,14275
2016,1,11,1,-2.8,-2.8,13.0,13.0,0.0,472,17972,22937
2016,1,12,2,0.0,0.0,33.3,33.3,0.0,472,24569,25211
2016,1,13,3,-5.0,-5.0,7.4,7.4,0.0,472,27773,21133
2016,1,14,4,2.8,2.8,5.6,5.6,0.0,472,28709,23780
2016,1,15,5,7.8,7.8,9.3,9.3,0.0,472,20846,28435
2016,1,16,6,6.1,6.1,16.7,16.7,0.0,472,14275,19178
2016,1,17,7,-0.6,-0.6,0.0,0.0,0.0,472,22937,12024
2016,1,18,1,-7.2,-7.2,13.0,13.0,0.0,472,25211,12718
2016,1,19,2,-2.2,-2.2,11.1,11.1,0.0,472,21133,17281
2016,1,20,3,-0.6,-0.6,9.3,9.3,0.0,472,23780,23420
2016,1,21,4,-2.8,-2.8,9.3,9.3,0.0,472,28435,23672
2016,1,22,5,-3.3,-3.3,14.8,14.8,0.0,472,19178,20950
2016,1,23,6,-2.8,-2.8,18.5,18.5,0.0,NA,NA,NA
2016,1,24,7,0.0,0.0,0.0,0.0,0.0,NA,NA,NA
2016,1,25,1,3.3,3.3,5.6,5.6,0.0,NA,NA,NA
2016,1,26,2,8.3,8.3,13.0,13.0,0.0,NA,NA,NA
2016,1,27,3,1.7,1.7,11.1,11.1,0.0,472,12024,6761
2016,1,28,4,3.9,3.9,5.6,5.6,0.0,472,12718,11946
2016,1,29,5,0.0,0.0,13.0,13.0,0.0,472,17281,16028
2016,1,30,6,3.3,3.3,16.7,16.7,0.0,472,23420,12973
2016,1,31,7,10.6,10.6,7.4,7.4,0.0,472,23672,16118
2016,2,1,1,7.8,7.8,9.3,9.3,0.0,472,11946,24334
2016,2,2,2,6.1,6.1,5.6,5.6,0.0,472,16028,28528
2016,2,3,3,14.4,14.4,0.0,0.0,0.0,472,12973,16203
2016,2,4,4,6.7,6.7,18.5,18.5,0.0,472,16118,27766
2016,2,5,5,0.6,0.6,7.4,7.4,0.0,472,24333,13670
2016,2,6,6,2.8,2.8,11.1,11.1,0.0,472,114,16933
2016,2,7,7,4.4,4.4,22.2,22.2,0.0,472,1,17605
2016,2,8,1,-2.2,-2.2,13.0,13.0,0.0,472,28414,19026
2016,2,9,2,1.1,1.1,0.0,0.0,0.0,472,16203,22741
2016,2,10,3,-0.6,-0.6,11.1,11.1,0.0,472,27766,22420
2016,2,11,4,-7.2,-7.2,14.8,14.8,0.0,472,22741,18748
2016,2,12,5,-5.6,-5.6,11.1,11.1,0.0,472,6857,16449
2016,2,13,6,-14.4,-14.4,16.7,16.7,0.0,472,4,6625
2016,2,14,7,-10.0,-10.0,0.0,0.0,0.0,472,1,4653
2016,2,15,1,1.1,1.1,5.6,5.6,0.07,472,2,5884
2016,2,16,2,3.9,3.9,14.8,14.8,0.0,472,9590,14542
2016,2,17,3,1.7,1.7,13.0,13.0,0.0,472,3098,23572
2016,2,18,4,-2.2,-2.2,18.5,18.5,0.0,472,1,22261
2016,2,19,5,3.9,3.9,14.8,14.8,0.0,472,3527,21959
2016,2,20,6,12.2,12.2,0.0,0.0,0.0,472,4653,24484
2016,2,21,7,7.8,7.8,13.0,13.0,0.0,472,5884,20052
2016,2,22,1,5.0,5.0,14.8,14.8,0.0,472,2,28233
2016,2,23,2,1.7,1.7,25.9,25.9,0.02,472,3,16133
2016,2,24,3,13.9,13.9,0.0,0.0,0.06,472,1,9761
2016,2,25,4,3.3,3.3,0.0,0.0,0.0,472,4,25102
2016,2,26,5,-2.2,-2.2,20.4,20.4,0.0,472,3,22573
2016,2,27,6,3.9,3.9,16.7,16.7,0.0,472,15933,17226
2016,2,28,7,10.6,10.6,7.4,7.4,0.0,472,9761,25437
2016,2,29,1,8.9,8.9,14.8,14.8,0.0,472,25102,27954
2016,3,1,2,10.0,10.0,11.1,11.1,0.0,473,47,30509
2016,3,2,3,-1.1,-1.1,14.8,14.8,0.0,473,41,26195
2016,3,3,4,1.1,1.1,11.1,11.1,0.0,473,15,24061
2016,3,4,5,1.1,1.1,14.8,14.8,0.0,473,14,17369
2016,3,5,6,1.7,1.7,0.0,0.0,0.0,473,25,18023
2016,3,6,7,3.9,3.9,0.0,0.0,0.0,473,33,18832
2016,3,7,1,12.8,12.8,13.0,13.0,0.0,473,102,31492
2016,3,8,2,9.4,9.4,5.6,5.6,0.0,473,67,36521
2016,3,9,3,20.6,20.6,5.6,5.6,0.0,473,84,41490
2016,3,10,4,20.6,20.6,7.4,7.4,0.0,473,48,42252
2016,3,11,5,10.0,10.0,5.6,5.6,0.0,473,48,38195
2016,3,12,6,12.2,12.2,13.0,13.0,0.0,473,59,32771
2016,3,13,7,11.1,11.1,5.6,5.6,0.0,473,103,27550
2016,3,14,1,6.1,6.1,29.6,29.6,0.01,473,122,10930
2016,3,15,2,10.6,10.6,0.0,0.0,0.0,473,138,31596
2016,3,16,3,10.0,10.0,7.4,7.4,0.0,473,126,36067
2016,3,17,4,11.7,11.7,7.4,7.4,0.0,473,76,35390
2016,3,18,5,7.2,7.2,11.1,11.1,0.0,473,93,34647
2016,3,19,6,6.1,6.1,22.2,22.2,0.0,473,60,24048
2016,3,20,7,1.1,1.1,13.0,13.0,0.01,473,24,16678
2016,3,21,1,3.9,3.9,14.8,14.8,0.0,473,70,26414
2016,3,22,2,10.6,10.6,14.8,14.8,0.0,473,71,33497
2016,3,23,3,14.4,14.4,7.4,7.4,0.0,473,96,40983
2016,3,24,4,7.2,7.2,5.6,5.6,0.0,473,65,36495
2016,3,25,5,11.1,11.1,5.6,5.6,0.0,473,93,34097
2016,3,26,6,6.1,6.1,11.1,11.1,0.0,473,111,27478
2016,3,27,7,7.2,7.2,11.1,11.1,0.0,473,122,22483
2016,3,28,1,10.6,10.6,25.9,25.9,0.0,473,127,20345
2016,3,29,2,6.1,6.1,14.8,14.8,0.0,473,8,31481
2016,3,30,3,8.3,8.3,14.8,14.8,0.0,473,20,33684
2016,3,31,4,16.7,16.7,11.1,11.1,0.0,473,15,38348
2016,4,1,5,21.0,21.0,0.0,0.0,0.0,472,1,34449
2016,4,2,6,10.0,10.0,0.0,0.0,0.0,472,8,21839
2016,4,3,7,3.3,3.3,7.4,7.4,0.0,472,62,15322
2016,4,4,1,0.0,0.0,14.8,14.8,0.0,472,1,12302
2016,4,5,2,2.2,2.2,14.8,14.8,0.0,472,1,26238
2016,4,6,3,7.8,7.8,11.1,11.1,0.0,472,2,29365
2016,4,7,4,12.2,12.2,11.1,11.1,0.0,472,3,30402
2016,4,8,5,6.1,6.1,0.0,0.0,0.0,472,2,30817
2016,4,9,6,4.4,4.4,5.6,5.6,0.0,472,9160,12702
2016,4,10,7,7.8,7.8,9.3,9.3,0.0,472,12302,23229
2016,4,11,1,12.8,12.8,5.6,5.6,0.0,472,12702,32048
2016,4,12,2,7.8,7.8,9.3,9.3,0.0,472,1,23765
2016,4,13,3,8.3,8.3,0.0,0.0,0.0,472,2,37539
2016,4,14,4,7.8,7.8,11.1,11.1,0.0,472,1,38505
2016,4,15,5,8.9,8.9,0.0,0.0,0.0,472,2,39676
2016,4,16,6,8.9,8.9,0.0,0.0,0.0,472,1,36148
2016,4,17,7,12.8,12.8,0.0,0.0,0.0,472,1,38843
2016,4,18,1,18.3,18.3,9.3,9.3,0.0,472,1,43994
2016,4,19,2,15.0,15.0,7.4,7.4,0.0,472,1,46075
2016,4,20,3,13.9,13.9,9.3,9.3,0.0,472,1,44547
2016,4,21,4,20.0,20.0,0.0,0.0,0.0,472,8,45570
2016,4,22,5,21.7,21.7,9.3,9.3,0.0,472,1,48815
2016,4,23,6,14.4,14.4,18.5,18.5,0.0,472,1,33647
2016,4,24,7,11.1,11.1,0.0,0.0,0.0,472,2,37866
2016,4,25,1,14.4,14.4,9.3,9.3,0.0,472,45826,42308
2016,4,26,2,8.9,8.9,16.7,16.7,0.0,472,44547,34643
2016,4,27,3,12.2,12.2,9.3,9.3,0.0,472,45570,41931
2016,4,28,4,10.0,10.0,5.6,5.6,0.0,472,48815,37428
2016,4,29,5,7.8,7.8,9.3,9.3,0.02,472,33647,34878
2016,4,30,6,10.0,10.0,13.0,13.0,0.0,472,37866,38258
2016,5,1,7,7.2,7.2,9.3,9.3,0.0,475,42308,10697
2016,5,2,1,13.9,13.9,5.6,5.6,0.0,475,34643,38537
2016,5,3,2,11.1,11.1,5.6,5.6,0.0,475,41931,22858
2016,5,4,3,9.4,9.4,13.0,13.0,0.0,475,37428,31619
2016,5,5,4,12.2,12.2,13.0,13.0,0.0,475,34878,39903
2016,5,6,5,10.0,10.0,11.1,11.1,0.0,475,38258,18860
2016,5,7,6,11.1,11.1,5.6,5.6,0.0,475,10697,31078
2016,5,8,7,14.4,14.4,5.6,5.6,0.0,475,38537,31197
2016,5,9,1,16.7,16.7,11.1,11.1,0.0,475,22858,45724
2016,5,10,2,13.9,13.9,11.1,11.1,0.0,475,31619,44849
2016,5,11,3,18.3,18.3,0.0,0.0,0.0,475,31078,51181
2016,5,12,4,15.0,15.0,0.0,0.0,0.0,475,31197,52273
2016,5,13,5,17.2,17.2,0.0,0.0,0.0,475,45724,32391
2016,5,14,6,16.0,16.0,0.0,0.0,0.0,475,44849,42063
2016,5,15,7,8.0,8.0,0.0,0.0,0.0,475,1,28661
2016,5,16,1,15.6,15.6,0.0,0.0,0.0,475,42063,42787
2016,5,17,2,13.0,13.0,0.0,0.0,0.0,475,1,43396
2016,5,18,3,12.8,12.8,0.0,0.0,0.0,475,1,44803
2016,5,19,4,13.9,13.9,0.0,0.0,0.0,475,3,49182
2016,5,20,5,17.8,17.8,5.6,5.6,0.0,475,4,52543
2016,5,21,6,13.3,13.3,13.0,13.0,0.0,475,2,30519
2016,5,22,7,16.1,16.1,7.4,7.4,0.0,475,3,37802
2016,5,23,1,17.2,17.2,0.0,0.0,0.0,475,1,48578
2016,5,24,2,18.9,18.9,0.0,0.0,0.0,475,11226,34796
2016,5,25,3,25.6,25.6,11.1,11.1,0.0,475,49182,53439
2016,5,26,4,24.4,24.4,5.6,5.6,0.0,475,52543,52133
2016,5,27,5,25.0,25.0,5.6,5.6,0.0,475,30519,46937
2016,5,28,6,26.7,26.7,0.0,0.0,0.0,475,37802,34222
2016,5,29,7,21.7,21.7,5.6,5.6,0.0,475,48578,36877
2016,5,30,1,22.8,22.8,9.3,9.3,0.0,475,34796,32619
2016,5,31,2,23.3,23.3,11.1,11.1,0.0,475,53439,49756
2016,6,1,3,20.0,20.0,9.3,9.3,0.0,475,54651,54665
2016,6,2,4,18.3,18.3,0.0,0.0,0.0,475,221,54401
2016,6,3,5,20.0,20.0,5.6,5.6,0.0,475,9,38975
2016,6,4,6,18.9,18.9,0.0,0.0,0.0,475,1,40977
2016,6,5,7,19.0,19.0,5.6,5.6,0.0,475,3,22397
2016,6,6,1,25.6,25.6,9.3,9.3,0.0,475,3,52149
2016,6,7,2,20.0,20.0,13.0,13.0,0.0,475,5,51812
2016,6,8,3,15.6,15.6,9.3,9.3,0.0,475,1,42250
2016,6,9,4,17.8,17.8,7.4,7.4,0.0,475,1,52905
2016,6,10,5,20.0,20.0,0.0,0.0,0.0,475,1,53299
2016,6,11,6,28.9,28.9,7.4,7.4,0.0,475,1366,41030
2016,6,12,7,17.8,17.8,11.1,11.1,0.0,475,4,40637
2016,6,13,1,18.3,18.3,11.1,11.1,0.0,475,3,49069
2016,6,14,2,21.7,21.7,5.6,5.6,0.0,475,1,54813
2016,6,15,3,24.4,24.4,9.3,9.3,0.0,475,6541,55049
2016,6,16,4,20.0,20.0,5.6,5.6,0.0,475,6980,46198
2016,6,17,5,17.8,17.8,5.6,5.6,0.0,475,1,54236
2016,6,18,6,22.8,22.8,0.0,0.0,0.0,475,1,48901
2016,6,19,7,20.0,20.0,11.1,11.1,0.0,475,1,45270
2016,6,20,1,26.7,26.7,5.6,5.6,0.0,475,1,52247
2016,6,21,2,25.0,25.0,7.4,7.4,0.0,475,1,53564
2016,6,22,3,24.4,24.4,0.0,0.0,0.0,475,1,55749
2016,6,23,4,22.2,22.2,5.6,5.6,0.0,475,1,53206
2016,6,24,5,21.7,21.7,7.4,7.4,0.0,475,4,54186
2016,6,25,6,20.6,20.6,0.0,0.0,0.0,475,1,43000
2016,6,26,7,23.3,23.3,7.4,7.4,0.0,475,82,42992
2016,6,27,1,21.1,21.1,5.6,5.6,0.06,475,1,47023
2016,6,28,2,20.6,20.6,5.6,5.6,0.0,475,35,49593
2016,6,29,3,23.9,23.9,0.0,0.0,0.0,475,4,54882
2016,6,30,4,24.4,24.4,7.4,7.4,0.0,475,313,54843
2016,7,1,5,19.4,19.4,5.6,5.6,0.44,483,10,39669
2016,7,2,6,21.7,21.7,5.6,5.6,0.0,483,1,35837
2016,7,3,7,22.8,22.8,7.4,7.4,0.0,483,3,35348
2016,7,4,1,21.0,21.0,5.6,5.6,0.05,483,1,34860
2016,7,5,2,27.8,27.8,7.4,7.4,0.0,483,1,43744
2016,7,6,3,28.3,28.3,7.4,7.4,0.0,483,1,51353
2016,7,7,4,26.1,26.1,0.0,0.0,0.0,483,1,48742
2016,7,8,5,20.0,20.0,9.3,9.3,0.06,483,240,44419
2016,7,9,6,19.4,19.4,0.0,0.0,0.07,483,1,38142
2016,7,10,7,22.2,22.2,11.1,11.1,0.0,483,8,41991
2016,7,11,1,21.1,21.1,0.0,0.0,0.0,483,648,52870
2016,7,12,2,23.3,23.3,5.6,5.6,0.0,483,1,56537
2016,7,13,3,23.9,23.9,0.0,0.0,0.0,483,2,55486
2016,7,14,4,26.7,26.7,0.0,0.0,0.0,483,55886,50350
2016,7,15,5,28.9,28.9,9.3,9.3,0.0,483,731,48572
2016,7,16,6,25.0,25.0,7.4,7.4,0.0,483,50350,38406
2016,7,17,7,27.8,27.8,0.0,0.0,0.0,483,48572,41347
2016,7,18,1,24.4,24.4,7.4,7.4,0.0,483,38402,43687
2016,7,19,2,25.6,25.6,7.4,7.4,0.0,483,729,54593
2016,7,20,3,23.9,23.9,0.0,0.0,0.0,483,1,57225
2016,7,21,4,25.6,25.6,11.1,11.1,0.0,483,1,54842
2016,7,22,5,29.4,29.4,7.4,7.4,0.0,483,3,49191
2016,7,23,6,30.0,30.0,0.0,0.0,0.0,483,40617,37523
2016,7,24,7,27.8,27.8,7.4,7.4,0.0,483,43687,39637
2016,7,25,1,23.0,23.0,7.4,7.4,0.0,483,54593,35379
2016,7,26,2,27.8,27.8,0.0,0.0,0.0,483,57225,52912
2016,7,27,3,27.2,27.2,0.0,0.0,0.0,483,1,54163
2016,7,28,4,26.1,26.1,7.4,7.4,0.0,483,1,50151
2016,7,29,5,25.6,25.6,0.0,0.0,0.0,483,7,37703
2016,7,30,6,23.3,23.3,0.0,0.0,0.0,483,334,27780
2016,7,31,7,22.2,22.2,13.0,13.0,0.04,483,7,27651
2016,8,1,1,22.8,22.8,0.0,0.0,0.0,574,1,49401
2016,8,2,2,20.6,20.6,5.6,5.6,0.0,574,36930,56764
2016,8,3,3,21.1,21.1,0.0,0.0,0.0,574,1691,57003
2016,8,4,4,21.7,21.7,0.0,0.0,0.0,574,1,56604
2016,8,5,5,24.4,24.4,0.0,0.0,0.0,574,26089,53297
2016,8,6,6,26.7,26.7,5.6,5.6,0.0,574,27651,44213
2016,8,7,7,26.1,26.1,5.6,5.6,0.0,574,49401,43631
2016,8,8,1,23.9,23.9,0.0,0.0,0.0,574,56764,52262
2016,8,9,2,25.0,25.0,0.0,0.0,0.0,574,57003,56112
2016,8,10,3,28.9,28.9,9.3,9.3,0.0,574,56604,50114
2016,8,11,4,28.3,28.3,0.0,0.0,0.0,574,53297,47430
2016,8,12,5,28.9,28.9,5.6,5.6,0.0,574,50114,44750
2016,8,13,6,31.1,31.1,0.0,0.0,0.0,574,213,38912
2016,8,14,7,26.1,26.1,7.4,7.4,0.0,574,1,32961
2016,8,15,1,27.2,27.2,0.0,0.0,0.0,574,276,49063
2016,8,16,2,27.8,27.8,13.0,13.0,0.0,574,1,50426
2016,8,17,3,26.7,26.7,7.4,7.4,0.0,574,49063,53989
2016,8,18,4,26.1,26.1,0.0,0.0,0.0,574,50426,53218
2016,8,19,5,25.0,25.0,5.6,5.6,0.0,574,53982,51669
2016,8,20,6,24.4,24.4,5.6,5.6,0.0,574,312,45817
2016,8,21,7,23.9,23.9,9.3,9.3,0.0,574,4,35051
2016,8,22,1,20.6,20.6,7.4,7.4,0.0,574,35051,54404
2016,8,23,2,23.9,23.9,5.6,5.6,0.0,574,51669,58674
2016,8,24,3,25.0,25.0,0.0,0.0,0.0,574,54400,58154
2016,8,25,4,27.0,27.0,0.0,0.0,0.0,574,3,53487
2016,8,26,5,27.0,27.0,0.0,0.0,0.0,574,1235,52037
2016,8,27,6,25.0,25.0,5.6,5.6,0.0,574,1,45674
2016,8,28,7,23.9,23.9,0.0,0.0,0.0,574,1,44639
2016,8,29,1,26.1,26.1,16.7,16.7,0.0,574,249,53288
2016,8,30,2,24.4,24.4,0.0,0.0,0.0,574,51806,57405
2016,8,31,3,26.1,26.1,14.8,14.8,0.0,574,45673,57214
2016,9,1,4,22.2,22.2,11.1,11.1,0.0,616,1,38187
2016,9,2,5,22.2,22.2,7.4,7.4,0.0,616,81,53007
2016,9,3,6,19.4,19.4,5.6,5.6,0.0,616,38187,41630
2016,9,4,7,22.2,22.2,9.3,9.3,0.0,616,53005,46023
2016,9,5,1,26.1,26.1,0.0,0.0,0.0,616,1042,45436
2016,9,6,2,22.2,22.2,11.1,11.1,0.0,616,1,52447
2016,9,7,3,22.8,22.8,0.0,0.0,0.0,616,38985,60500
2016,9,8,4,29.4,29.4,5.6,5.6,0.0,616,46023,61596
2016,9,9,5,23.9,23.9,9.3,9.3,0.14,616,45433,56813
2016,9,10,6,27.8,27.8,7.4,7.4,0.0,616,1,48455
2016,9,11,7,21.1,21.1,7.4,7.4,0.0,616,3,52245
2016,9,12,1,19.4,19.4,5.6,5.6,0.0,616,52446,61103
2016,9,13,2,22.2,22.2,7.4,7.4,0.0,616,60500,64839
2016,9,14,3,22.2,22.2,13.0,13.0,0.0,616,61596,59203
2016,9,15,4,18.3,18.3,9.3,9.3,0.0,616,56813,67331
2016,9,16,5,17.2,17.2,9.3,9.3,0.0,616,48455,65275
2016,9,17,6,21.7,21.7,0.0,0.0,0.0,616,52245,59200
2016,9,18,7,24.4,24.4,7.4,7.4,0.0,616,61103,51686
2016,9,19,1,21.0,21.0,7.4,7.4,0.0,616,64839,34217
2016,9,20,2,23.3,23.3,0.0,0.0,0.0,616,59203,64891
2016,9,21,3,21.7,21.7,0.0,0.0,0.0,616,67331,65463
2016,9,22,4,21.1,21.1,0.0,0.0,0.0,616,65275,67810
2016,9,23,5,25.0,25.0,11.1,11.1,0.0,616,59200,65517
2016,9,24,6,16.1,16.1,0.0,0.0,0.0,616,51686,53259
2016,9,25,7,16.1,16.1,9.3,9.3,0.0,616,34217,53568
2016,9,26,1,20.0,20.0,5.6,5.6,0.0,616,64891,61386
2016,9,27,2,19.4,19.4,0.0,0.0,0.0,616,1,61346
2016,9,28,3,13.9,13.9,9.3,9.3,0.0,616,12,59464
2016,9,29,4,15.6,15.6,16.7,16.7,0.0,616,1,55578
2016,9,30,5,13.3,13.3,14.8,14.8,0.02,616,NA,21381
