2013-07,329,"512"|"497"|"495"|"257"|"339"|"298"|"318"|"359"|"347"|"2005"|"143"|"395"|"402"|"405"|"151"|"2002"|"400"|"358"|"419"|"468"|"476"|"361"|"274"|"493"|"232"|"540"|"313"|"377"|"296"|"355"|"373"|"295"|"238"|"366"|"446"|"460"|"408"|"438"|"501"|"79"|"453"|"312"|"415"|"383"|"409"|"119"|"304"|"294"|"3002"|"431"|"324"|"303"|"218"|"410"|"300"|"545"|"471"|"517"|"384"|"416"|"379"|"233"|"456"|"360"|"490"|"153"|"396"|"445"|"224"|"488"|"310"|"363"|"503"|"259"|"243"|"392"|"434"|"516"|"496"|"357"|"265"|"498"|"2006"|"332"|"421"|"319"|"354"|"418"|"293"|"309"|"376"|"514"|"499"|"2001"|"521"|"315"|"262"|"455"|"454"|"458"|"325"|"2017"|"539"|"329"|"442"|"426"|"500"|"327"|"525"|"82"|"212"|"430"|"317"|"217"|"247"|"2012"|"252"|"336"|"420"|"239"|"223"|"511"|"306"|"522"|"2010"|"352"|"174"|"150"|"251"|"128"|"320"|"372"|"275"|"448"|"281"|"412"|"428"|"440"|"307"|"470"|"137"|"280"|"406"|"157"|"311"|"326"|"173"|"236"|"147"|"536"|"435"|"390"|"504"|"528"|"538"|"302"|"523"|"534"|"335"|"284"|"270"|"316"|"364"|"403"|"546"|"465"|"2003"|"509"|"414"|"168"|"382"|"248"|"297"|"365"|"346"|"487"|"116"|"340"|"337"|"489"|"404"|"146"|"472"|"444"|"291"|"261"|"515"|"467"|"462"|"344"|"464"|"537"|"526"|"282"|"393"|"423"|"216"|"267"|"322"|"437"|"473"|"245"|"331"|"349"|"2004"|"432"|"244"|"483"|"433"|"527"|"229"|"387"|"2009"|"532"|"120"|"341"|"83"|"492"|"494"|"144"|"510"|"457"|"505"|"529"|"407"|"290"|"241"|"375"|"362"|"388"|"225"|"268"|"323"|"389"|"164"|"237"|"368"|"482"|"369"|"513"|"399"|"343"|"508"|"533"|"463"|"461"|"447"|"289"|"279"|"411"|"285"|"478"|"228"|"481"|"450"|"342"|"254"|"353"|"278"|"351"|"436"|"507"|"485"|"127"|"397"|"260"|"152"|"263"|"253"|"427"|"518"|"350"|"250"|"479"|"401"|"466"|"264"|"2021"|"72"|"394"|"449"|"167"|"348"|"474"|"380"|"469"|"271"|"314"|"443"|"486"|"422"|"301"|"480"|"475"|"345"|"520"|"524"|"2008"|"328"|"308"|"305"|"242"|"276"|"266"|"439"|"258"|"441"|"2022"|"330"|"161"|"334"|"459"|"249"|"386"|"385"|"477"|"531"|"398"|"519"|"367"|"417"|"391"|"356"|"2023"|"160"|"2000"|"321"|"195"|"484"
2013-08,330,"512"|"497"|"495"|"257"|"339"|"298"|"318"|"359"|"347"|"2005"|"143"|"395"|"402"|"405"|"151"|"2002"|"358"|"419"|"400"|"468"|"361"|"476"|"493"|"232"|"540"|"313"|"355"|"296"|"377"|"373"|"295"|"238"|"446"|"408"|"460"|"83"|"438"|"383"|"501"|"453"|"312"|"409"|"415"|"79"|"119"|"304"|"294"|"3002"|"431"|"324"|"303"|"218"|"410"|"300"|"545"|"471"|"517"|"384"|"416"|"456"|"233"|"379"|"360"|"490"|"153"|"396"|"252"|"488"|"224"|"310"|"503"|"363"|"243"|"445"|"259"|"434"|"392"|"516"|"496"|"357"|"2006"|"498"|"265"|"332"|"421"|"319"|"354"|"418"|"293"|"309"|"376"|"514"|"499"|"2001"|"521"|"315"|"262"|"455"|"454"|"458"|"2017"|"325"|"539"|"329"|"442"|"426"|"500"|"327"|"525"|"82"|"212"|"430"|"317"|"217"|"247"|"2012"|"336"|"420"|"239"|"223"|"511"|"306"|"2010"|"522"|"352"|"174"|"150"|"128"|"251"|"320"|"372"|"275"|"448"|"281"|"412"|"428"|"440"|"307"|"470"|"137"|"280"|"157"|"406"|"311"|"326"|"173"|"236"|"435"|"536"|"147"|"390"|"504"|"528"|"538"|"302"|"534"|"523"|"284"|"335"|"270"|"316"|"364"|"403"|"546"|"465"|"2003"|"509"|"414"|"168"|"365"|"382"|"248"|"346"|"297"|"487"|"337"|"116"|"340"|"489"|"404"|"146"|"444"|"472"|"291"|"261"|"515"|"462"|"344"|"467"|"464"|"537"|"526"|"282"|"267"|"423"|"393"|"216"|"322"|"473"|"366"|"437"|"331"|"349"|"2004"|"432"|"244"|"483"|"433"|"527"|"120"|"387"|"229"|"532"|"341"|"2009"|"492"|"494"|"144"|"510"|"457"|"529"|"505"|"407"|"290"|"241"|"375"|"362"|"323"|"225"|"369"|"388"|"389"|"237"|"164"|"368"|"482"|"513"|"268"|"399"|"343"|"508"|"463"|"533"|"461"|"447"|"289"|"279"|"524"|"285"|"411"|"245"|"478"|"228"|"481"|"450"|"342"|"254"|"353"|"278"|"351"|"436"|"127"|"507"|"485"|"397"|"260"|"263"|"152"|"253"|"427"|"518"|"350"|"250"|"479"|"401"|"466"|"2021"|"264"|"72"|"394"|"449"|"167"|"348"|"474"|"380"|"469"|"271"|"314"|"443"|"486"|"422"|"301"|"480"|"520"|"345"|"328"|"475"|"274"|"2008"|"308"|"305"|"276"|"441"|"258"|"266"|"439"|"242"|"2022"|"330"|"161"|"459"|"334"|"249"|"386"|"385"|"502"|"477"|"398"|"531"|"519"|"367"|"417"|"391"|"356"|"2000"|"160"|"2023"|"321"|"195"|"484"
2013-09,330,"512"|"497"|"495"|"257"|"339"|"298"|"318"|"359"|"347"|"2005"|"395"|"143"|"402"|"405"|"151"|"2002"|"358"|"400"|"419"|"468"|"361"|"476"|"232"|"493"|"540"|"313"|"355"|"296"|"377"|"373"|"295"|"238"|"446"|"366"|"460"|"83"|"438"|"501"|"79"|"453"|"415"|"312"|"408"|"409"|"119"|"304"|"294"|"3002"|"431"|"303"|"218"|"324"|"410"|"300"|"545"|"471"|"517"|"384"|"416"|"379"|"456"|"233"|"360"|"490"|"153"|"396"|"252"|"224"|"488"|"310"|"243"|"363"|"445"|"259"|"392"|"434"|"503"|"516"|"496"|"357"|"2006"|"265"|"498"|"421"|"332"|"319"|"354"|"418"|"293"|"309"|"376"|"514"|"499"|"2001"|"521"|"315"|"262"|"455"|"454"|"458"|"2017"|"325"|"539"|"329"|"426"|"442"|"500"|"327"|"212"|"525"|"82"|"430"|"317"|"217"|"247"|"2012"|"336"|"420"|"239"|"223"|"511"|"306"|"2010"|"522"|"352"|"174"|"150"|"251"|"372"|"128"|"320"|"275"|"448"|"281"|"412"|"428"|"440"|"307"|"470"|"137"|"280"|"157"|"406"|"311"|"326"|"173"|"236"|"435"|"536"|"147"|"390"|"504"|"528"|"538"|"302"|"523"|"534"|"284"|"335"|"364"|"270"|"316"|"546"|"403"|"465"|"2003"|"509"|"414"|"168"|"382"|"297"|"248"|"346"|"340"|"487"|"116"|"337"|"365"|"291"|"444"|"404"|"146"|"489"|"472"|"261"|"515"|"467"|"462"|"344"|"464"|"537"|"526"|"282"|"267"|"423"|"393"|"216"|"473"|"245"|"322"|"437"|"331"|"349"|"2004"|"432"|"244"|"483"|"433"|"383"|"341"|"229"|"387"|"120"|"532"|"527"|"2009"|"274"|"492"|"494"|"144"|"510"|"457"|"505"|"529"|"407"|"290"|"241"|"375"|"362"|"323"|"225"|"369"|"513"|"389"|"237"|"343"|"268"|"482"|"164"|"368"|"399"|"508"|"533"|"463"|"461"|"447"|"289"|"279"|"411"|"285"|"228"|"478"|"481"|"342"|"450"|"254"|"278"|"353"|"351"|"436"|"127"|"485"|"260"|"507"|"397"|"263"|"388"|"253"|"152"|"427"|"518"|"350"|"250"|"479"|"401"|"466"|"2021"|"264"|"72"|"394"|"449"|"167"|"348"|"474"|"380"|"469"|"271"|"314"|"443"|"486"|"475"|"301"|"480"|"520"|"328"|"345"|"524"|"422"|"2008"|"305"|"441"|"276"|"308"|"258"|"439"|"266"|"242"|"2022"|"330"|"249"|"334"|"459"|"161"|"386"|"385"|"502"|"477"|"531"|"398"|"519"|"367"|"417"|"356"|"391"|"2000"|"2023"|"160"|"321"|"195"|"484"
2013-10,330,"512"|"497"|"495"|"257"|"339"|"298"|"318"|"359"|"347"|"2005"|"143"|"395"|"402"|"405"|"151"|"358"|"2002"|"419"|"400"|"468"|"476"|"361"|"493"|"232"|"540"|"313"|"355"|"296"|"377"|"373"|"295"|"238"|"446"|"408"|"460"|"366"|"438"|"383"|"79"|"453"|"415"|"312"|"501"|"409"|"119"|"304"|"294"|"3002"|"431"|"303"|"218"|"324"|"410"|"300"|"545"|"471"|"517"|"384"|"416"|"379"|"456"|"233"|"360"|"490"|"153"|"252"|"396"|"224"|"488"|"445"|"363"|"243"|"503"|"259"|"392"|"434"|"310"|"516"|"496"|"357"|"265"|"498"|"2006"|"332"|"421"|"319"|"354"|"418"|"293"|"309"|"376"|"514"|"499"|"2001"|"521"|"315"|"262"|"455"|"454"|"458"|"325"|"2017"|"375"|"329"|"539"|"426"|"442"|"500"|"327"|"212"|"82"|"525"|"430"|"317"|"217"|"247"|"2012"|"336"|"420"|"239"|"223"|"511"|"306"|"2010"|"522"|"352"|"150"|"128"|"251"|"320"|"372"|"275"|"448"|"281"|"412"|"428"|"440"|"307"|"470"|"137"|"280"|"406"|"157"|"311"|"326"|"173"|"236"|"435"|"536"|"147"|"390"|"504"|"528"|"538"|"302"|"534"|"523"|"284"|"364"|"270"|"316"|"335"|"403"|"546"|"465"|"2003"|"509"|"414"|"168"|"382"|"297"|"365"|"346"|"340"|"487"|"337"|"116"|"248"|"489"|"404"|"444"|"472"|"291"|"146"|"261"|"515"|"467"|"462"|"344"|"464"|"537"|"526"|"245"|"393"|"423"|"267"|"282"|"322"|"473"|"437"|"216"|"331"|"349"|"2004"|"432"|"244"|"483"|"433"|"527"|"120"|"229"|"341"|"532"|"387"|"83"|"2009"|"492"|"494"|"144"|"510"|"529"|"505"|"457"|"407"|"241"|"290"|"362"|"174"|"323"|"225"|"369"|"513"|"268"|"237"|"164"|"368"|"482"|"388"|"389"|"399"|"343"|"508"|"463"|"533"|"461"|"447"|"524"|"279"|"411"|"285"|"289"|"478"|"228"|"481"|"450"|"278"|"254"|"353"|"342"|"351"|"436"|"507"|"127"|"485"|"397"|"260"|"263"|"152"|"253"|"427"|"518"|"350"|"250"|"479"|"401"|"466"|"2021"|"264"|"72"|"394"|"449"|"167"|"348"|"474"|"380"|"271"|"469"|"314"|"443"|"274"|"422"|"475"|"480"|"301"|"345"|"328"|"520"|"2008"|"486"|"308"|"441"|"242"|"276"|"258"|"439"|"305"|"266"|"2022"|"330"|"161"|"334"|"459"|"249"|"386"|"385"|"502"|"477"|"531"|"398"|"519"|"367"|"417"|"391"|"356"|"2000"|"160"|"2023"|"321"|"195"|"484"
2013-11,330,"512"|"497"|"495"|"257"|"339"|"298"|"318"|"359"|"347"|"2005"|"143"|"395"|"402"|"405"|"358"|"2002"|"151"|"400"|"419"|"468"|"361"|"476"|"493"|"232"|"540"|"313"|"377"|"355"|"296"|"373"|"295"|"238"|"446"|"366"|"460"|"83"|"438"|"383"|"79"|"453"|"312"|"415"|"409"|"501"|"119"|"304"|"294"|"3002"|"431"|"324"|"303"|"218"|"410"|"300"|"545"|"471"|"517"|"384"|"416"|"456"|"233"|"379"|"360"|"490"|"153"|"252"|"445"|"224"|"488"|"310"|"363"|"503"|"259"|"243"|"392"|"434"|"516"|"496"|"357"|"265"|"498"|"2006"|"332"|"421"|"319"|"354"|"418"|"293"|"309"|"376"|"514"|"499"|"2001"|"521"|"315"|"262"|"455"|"454"|"458"|"325"|"2017"|"539"|"329"|"426"|"442"|"500"|"327"|"212"|"82"|"525"|"430"|"317"|"217"|"247"|"2012"|"336"|"420"|"239"|"223"|"511"|"306"|"2010"|"522"|"352"|"150"|"128"|"251"|"320"|"372"|"408"|"275"|"281"|"448"|"412"|"428"|"440"|"307"|"470"|"137"|"280"|"406"|"157"|"311"|"326"|"173"|"236"|"435"|"536"|"147"|"390"|"504"|"528"|"538"|"302"|"523"|"534"|"335"|"284"|"364"|"270"|"316"|"403"|"546"|"465"|"2003"|"509"|"414"|"168"|"382"|"297"|"365"|"340"|"346"|"487"|"116"|"248"|"337"|"489"|"404"|"472"|"146"|"444"|"291"|"261"|"515"|"462"|"344"|"467"|"464"|"537"|"526"|"282"|"267"|"423"|"393"|"216"|"322"|"473"|"437"|"245"|"331"|"349"|"2004"|"432"|"244"|"483"|"433"|"527"|"120"|"229"|"341"|"532"|"2009"|"387"|"274"|"492"|"494"|"144"|"510"|"457"|"505"|"529"|"407"|"290"|"241"|"375"|"174"|"323"|"388"|"225"|"362"|"389"|"237"|"268"|"368"|"482"|"399"|"513"|"369"|"164"|"343"|"508"|"463"|"533"|"289"|"447"|"461"|"279"|"411"|"285"|"478"|"228"|"481"|"450"|"278"|"254"|"353"|"342"|"436"|"351"|"507"|"127"|"485"|"260"|"397"|"152"|"263"|"253"|"396"|"427"|"350"|"250"|"518"|"479"|"401"|"264"|"466"|"2021"|"72"|"394"|"449"|"167"|"348"|"474"|"380"|"469"|"271"|"314"|"443"|"486"|"475"|"301"|"422"|"480"|"345"|"520"|"328"|"2008"|"524"|"305"|"242"|"276"|"308"|"266"|"439"|"258"|"441"|"2022"|"330"|"161"|"334"|"459"|"249"|"386"|"385"|"502"|"477"|"531"|"398"|"519"|"367"|"417"|"356"|"391"|"2023"|"160"|"2000"|"321"|"195"|"484"
2013-12,329,"512"|"497"|"495"|"257"|"339"|"298"|"318"|"359"|"347"|"2005"|"395"|"143"|"402"|"405"|"358"|"151"|"400"|"2002"|"419"|"468"|"476"|"361"|"493"|"232"|"540"|"313"|"355"|"296"|"377"|"373"|"295"|"238"|"366"|"83"|"460"|"408"|"383"|"438"|"79"|"453"|"312"|"446"|"415"|"501"|"119"|"304"|"294"|"3002"|"431"|"324"|"303"|"218"|"410"|"300"|"545"|"471"|"517"|"384"|"416"|"379"|"233"|"456"|"360"|"490"|"153"|"252"|"445"|"488"|"224"|"310"|"243"|"503"|"363"|"259"|"392"|"434"|"516"|"496"|"357"|"265"|"498"|"2006"|"332"|"421"|"319"|"354"|"418"|"293"|"309"|"376"|"514"|"499"|"2001"|"521"|"315"|"262"|"455"|"454"|"458"|"325"|"2017"|"539"|"329"|"426"|"442"|"500"|"327"|"212"|"82"|"525"|"430"|"317"|"362"|"217"|"247"|"2012"|"336"|"420"|"239"|"223"|"511"|"2010"|"522"|"306"|"352"|"150"|"128"|"251"|"320"|"372"|"275"|"448"|"281"|"412"|"428"|"440"|"307"|"470"|"137"|"280"|"157"|"406"|"311"|"326"|"173"|"236"|"435"|"536"|"147"|"390"|"504"|"528"|"538"|"302"|"523"|"534"|"284"|"335"|"270"|"316"|"364"|"403"|"546"|"465"|"2003"|"509"|"414"|"168"|"382"|"297"|"248"|"340"|"346"|"487"|"337"|"116"|"365"|"291"|"444"|"404"|"489"|"146"|"472"|"261"|"515"|"467"|"462"|"344"|"464"|"537"|"526"|"245"|"216"|"423"|"267"|"393"|"473"|"282"|"322"|"437"|"331"|"349"|"2004"|"432"|"244"|"483"|"433"|"527"|"120"|"387"|"229"|"532"|"2009"|"341"|"409"|"492"|"494"|"144"|"510"|"457"|"505"|"529"|"407"|"290"|"241"|"375"|"174"|"388"|"323"|"268"|"369"|"343"|"237"|"164"|"368"|"482"|"225"|"399"|"389"|"508"|"520"|"463"|"289"|"461"|"447"|"533"|"279"|"411"|"285"|"478"|"228"|"481"|"450"|"342"|"254"|"278"|"353"|"436"|"351"|"507"|"485"|"127"|"397"|"260"|"263"|"152"|"253"|"396"|"427"|"518"|"350"|"250"|"479"|"401"|"466"|"2021"|"264"|"72"|"394"|"449"|"167"|"348"|"474"|"380"|"271"|"469"|"314"|"443"|"274"|"475"|"301"|"480"|"422"|"345"|"486"|"524"|"328"|"2008"|"305"|"308"|"441"|"276"|"258"|"439"|"266"|"242"|"2022"|"330"|"161"|"334"|"459"|"249"|"386"|"385"|"513"|"502"|"477"|"531"|"398"|"519"|"367"|"417"|"391"|"356"|"2023"|"160"|"2000"|"195"|"484"
2014-01,329,"512"|"497"|"495"|"257"|"339"|"298"|"318"|"359"|"347"|"2005"|"395"|"143"|"402"|"405"|"151"|"358"|"2002"|"400"|"419"|"468"|"476"|"361"|"232"|"493"|"540"|"313"|"296"|"377"|"355"|"373"|"295"|"238"|"83"|"366"|"446"|"460"|"383"|"438"|"79"|"453"|"312"|"409"|"408"|"501"|"415"|"119"|"3002"|"294"|"304"|"218"|"324"|"303"|"431"|"410"|"300"|"545"|"471"|"517"|"384"|"416"|"379"|"233"|"456"|"360"|"153"|"490"|"252"|"396"|"488"|"224"|"310"|"363"|"503"|"445"|"259"|"392"|"434"|"243"|"516"|"496"|"357"|"2006"|"498"|"265"|"332"|"421"|"319"|"354"|"418"|"293"|"309"|"376"|"514"|"499"|"2001"|"521"|"315"|"262"|"455"|"454"|"458"|"325"|"2017"|"539"|"329"|"442"|"426"|"500"|"327"|"212"|"82"|"525"|"430"|"317"|"362"|"217"|"247"|"2012"|"336"|"420"|"239"|"223"|"511"|"2010"|"306"|"522"|"352"|"150"|"251"|"128"|"320"|"372"|"275"|"281"|"448"|"412"|"428"|"440"|"307"|"470"|"137"|"280"|"157"|"406"|"311"|"326"|"173"|"236"|"435"|"536"|"147"|"390"|"504"|"528"|"538"|"302"|"534"|"523"|"284"|"335"|"364"|"316"|"270"|"403"|"546"|"465"|"2003"|"509"|"414"|"168"|"382"|"297"|"365"|"346"|"340"|"487"|"116"|"248"|"337"|"291"|"444"|"146"|"404"|"489"|"472"|"261"|"515"|"467"|"462"|"344"|"464"|"537"|"526"|"282"|"267"|"393"|"423"|"216"|"322"|"473"|"437"|"245"|"331"|"349"|"2004"|"432"|"244"|"433"|"483"|"2009"|"120"|"229"|"527"|"532"|"341"|"387"|"492"|"494"|"144"|"510"|"529"|"505"|"407"|"457"|"290"|"241"|"375"|"174"|"323"|"225"|"268"|"388"|"369"|"237"|"513"|"368"|"482"|"399"|"164"|"389"|"343"|"508"|"533"|"463"|"461"|"447"|"289"|"279"|"411"|"285"|"228"|"478"|"481"|"450"|"342"|"254"|"353"|"278"|"436"|"351"|"507"|"485"|"260"|"397"|"127"|"263"|"152"|"253"|"427"|"350"|"250"|"518"|"479"|"401"|"466"|"2021"|"264"|"72"|"394"|"449"|"167"|"348"|"474"|"380"|"271"|"469"|"314"|"443"|"486"|"422"|"274"|"475"|"520"|"345"|"480"|"524"|"328"|"301"|"308"|"441"|"276"|"305"|"258"|"439"|"266"|"2008"|"242"|"2022"|"330"|"161"|"334"|"459"|"249"|"386"|"385"|"502"|"477"|"531"|"398"|"519"|"367"|"417"|"356"|"391"|"2023"|"160"|"2000"|"195"|"484"
2014-02,329,"512"|"497"|"495"|"257"|"339"|"298"|"318"|"359"|"347"|"2005"|"143"|"395"|"402"|"405"|"2002"|"358"|"151"|"400"|"419"|"468"|"476"|"361"|"493"|"232"|"540"|"313"|"355"|"296"|"377"|"373"|"295"|"238"|"446"|"366"|"460"|"83"|"501"|"438"|"383"|"453"|"312"|"415"|"79"|"409"|"119"|"304"|"294"|"3002"|"431"|"324"|"303"|"218"|"410"|"300"|"545"|"471"|"517"|"384"|"416"|"379"|"456"|"233"|"360"|"490"|"153"|"252"|"396"|"488"|"259"|"310"|"503"|"243"|"224"|"445"|"363"|"434"|"392"|"516"|"496"|"357"|"265"|"498"|"2006"|"332"|"421"|"319"|"354"|"418"|"293"|"309"|"376"|"514"|"499"|"2001"|"521"|"315"|"262"|"455"|"454"|"458"|"325"|"2017"|"329"|"539"|"426"|"442"|"500"|"327"|"212"|"82"|"525"|"430"|"317"|"362"|"217"|"247"|"2012"|"336"|"420"|"239"|"223"|"511"|"522"|"2010"|"306"|"352"|"150"|"251"|"372"|"128"|"320"|"408"|"275"|"448"|"281"|"412"|"428"|"440"|"307"|"470"|"137"|"280"|"157"|"406"|"311"|"326"|"173"|"236"|"435"|"147"|"536"|"390"|"504"|"528"|"538"|"302"|"523"|"534"|"284"|"364"|"335"|"316"|"270"|"403"|"546"|"465"|"2003"|"509"|"414"|"168"|"382"|"297"|"248"|"346"|"340"|"487"|"116"|"365"|"337"|"291"|"444"|"146"|"404"|"489"|"472"|"261"|"515"|"462"|"344"|"467"|"464"|"537"|"526"|"282"|"393"|"423"|"245"|"216"|"473"|"322"|"437"|"267"|"331"|"349"|"2004"|"432"|"244"|"483"|"433"|"527"|"229"|"387"|"120"|"532"|"341"|"2009"|"492"|"494"|"144"|"510"|"457"|"505"|"529"|"225"|"407"|"290"|"241"|"375"|"174"|"388"|"323"|"268"|"369"|"389"|"237"|"343"|"368"|"482"|"164"|"513"|"399"|"508"|"463"|"289"|"461"|"447"|"533"|"279"|"411"|"285"|"478"|"228"|"481"|"450"|"342"|"254"|"353"|"278"|"351"|"436"|"127"|"485"|"507"|"397"|"260"|"152"|"263"|"253"|"427"|"518"|"350"|"250"|"479"|"401"|"466"|"2021"|"264"|"72"|"394"|"449"|"167"|"348"|"474"|"380"|"469"|"271"|"314"|"443"|"486"|"274"|"301"|"480"|"520"|"345"|"422"|"524"|"2008"|"475"|"308"|"441"|"242"|"305"|"266"|"439"|"258"|"328"|"276"|"2022"|"330"|"161"|"334"|"459"|"249"|"386"|"385"|"502"|"477"|"531"|"398"|"519"|"367"|"417"|"391"|"356"|"2000"|"160"|"2023"|"195"|"484"
2014-03,331,"512"|"497"|"495"|"257"|"339"|"298"|"318"|"359"|"347"|"2005"|"395"|"143"|"402"|"405"|"358"|"151"|"400"|"2002"|"419"|"468"|"361"|"476"|"493"|"232"|"540"|"313"|"296"|"355"|"377"|"373"|"295"|"238"|"83"|"366"|"408"|"446"|"383"|"438"|"79"|"453"|"312"|"415"|"460"|"501"|"119"|"304"|"294"|"3002"|"409"|"218"|"324"|"303"|"431"|"410"|"300"|"545"|"471"|"517"|"384"|"416"|"379"|"233"|"456"|"360"|"490"|"153"|"396"|"252"|"488"|"445"|"310"|"363"|"243"|"503"|"224"|"259"|"434"|"392"|"516"|"496"|"357"|"265"|"498"|"2006"|"332"|"421"|"319"|"354"|"418"|"293"|"309"|"376"|"514"|"499"|"2001"|"521"|"315"|"262"|"455"|"454"|"458"|"2017"|"325"|"329"|"539"|"426"|"442"|"500"|"327"|"212"|"82"|"525"|"430"|"317"|"217"|"247"|"2012"|"336"|"420"|"239"|"223"|"511"|"306"|"2010"|"522"|"352"|"150"|"128"|"251"|"320"|"372"|"275"|"281"|"448"|"412"|"428"|"440"|"307"|"470"|"137"|"280"|"157"|"406"|"311"|"326"|"173"|"236"|"147"|"536"|"435"|"390"|"504"|"528"|"538"|"302"|"523"|"534"|"284"|"335"|"270"|"316"|"364"|"403"|"546"|"465"|"2003"|"509"|"414"|"168"|"382"|"297"|"248"|"346"|"340"|"487"|"337"|"116"|"365"|"489"|"444"|"146"|"472"|"404"|"291"|"261"|"515"|"462"|"344"|"467"|"464"|"537"|"526"|"245"|"393"|"267"|"216"|"423"|"322"|"437"|"473"|"282"|"331"|"349"|"2004"|"432"|"244"|"433"|"483"|"527"|"229"|"387"|"2009"|"532"|"341"|"120"|"492"|"494"|"144"|"510"|"457"|"505"|"529"|"407"|"290"|"241"|"375"|"174"|"388"|"323"|"268"|"225"|"513"|"237"|"362"|"369"|"399"|"482"|"368"|"164"|"389"|"343"|"508"|"533"|"289"|"461"|"447"|"463"|"279"|"411"|"285"|"524"|"478"|"228"|"481"|"342"|"450"|"254"|"278"|"353"|"351"|"436"|"127"|"507"|"485"|"397"|"260"|"263"|"152"|"253"|"427"|"250"|"518"|"350"|"479"|"401"|"466"|"2021"|"264"|"72"|"394"|"449"|"167"|"348"|"474"|"380"|"491"|"469"|"271"|"314"|"443"|"486"|"422"|"301"|"480"|"520"|"345"|"328"|"475"|"2008"|"274"|"305"|"441"|"308"|"276"|"266"|"439"|"258"|"242"|"2022"|"330"|"249"|"161"|"334"|"459"|"386"|"385"|"502"|"477"|"531"|"398"|"519"|"367"|"417"|"356"|"391"|"321"|"160"|"2023"|"2000"|"195"|"484"
2014-04,329,"512"|"497"|"495"|"257"|"339"|"298"|"318"|"359"|"347"|"2005"|"395"|"143"|"402"|"405"|"151"|"419"|"358"|"2002"|"400"|"468"|"361"|"476"|"493"|"232"|"540"|"313"|"296"|"355"|"377"|"373"|"295"|"238"|"366"|"83"|"446"|"460"|"438"|"383"|"79"|"453"|"312"|"415"|"408"|"501"|"119"|"304"|"3002"|"294"|"409"|"324"|"303"|"218"|"431"|"410"|"300"|"545"|"471"|"517"|"384"|"416"|"379"|"233"|"456"|"360"|"490"|"153"|"396"|"445"|"224"|"488"|"259"|"503"|"363"|"310"|"243"|"392"|"434"|"516"|"496"|"357"|"265"|"498"|"2006"|"332"|"421"|"319"|"354"|"418"|"293"|"309"|"376"|"514"|"499"|"2001"|"521"|"315"|"262"|"455"|"454"|"458"|"325"|"2017"|"375"|"539"|"329"|"426"|"442"|"500"|"327"|"212"|"82"|"525"|"430"|"317"|"217"|"247"|"2012"|"252"|"336"|"420"|"239"|"223"|"511"|"306"|"2010"|"522"|"352"|"150"|"251"|"128"|"320"|"372"|"275"|"281"|"448"|"412"|"428"|"440"|"307"|"470"|"137"|"280"|"406"|"157"|"311"|"326"|"173"|"236"|"435"|"536"|"147"|"390"|"504"|"528"|"538"|"302"|"523"|"534"|"335"|"284"|"270"|"316"|"364"|"403"|"546"|"465"|"2003"|"509"|"414"|"168"|"382"|"365"|"248"|"340"|"346"|"487"|"116"|"337"|"489"|"444"|"472"|"404"|"146"|"291"|"261"|"515"|"467"|"462"|"344"|"464"|"537"|"526"|"282"|"267"|"393"|"245"|"423"|"473"|"437"|"322"|"216"|"331"|"349"|"2004"|"432"|"244"|"483"|"433"|"527"|"229"|"387"|"2009"|"532"|"341"|"120"|"492"|"494"|"144"|"510"|"529"|"505"|"457"|"407"|"225"|"241"|"290"|"362"|"174"|"323"|"388"|"268"|"369"|"513"|"237"|"164"|"368"|"482"|"399"|"343"|"389"|"508"|"533"|"289"|"461"|"447"|"463"|"279"|"411"|"285"|"478"|"228"|"481"|"450"|"342"|"254"|"353"|"278"|"436"|"351"|"127"|"485"|"260"|"397"|"507"|"263"|"152"|"253"|"427"|"518"|"350"|"250"|"479"|"401"|"264"|"2021"|"466"|"72"|"394"|"167"|"449"|"348"|"474"|"380"|"491"|"469"|"271"|"314"|"443"|"274"|"422"|"301"|"480"|"475"|"328"|"345"|"486"|"2008"|"520"|"305"|"441"|"276"|"308"|"266"|"258"|"439"|"242"|"2022"|"330"|"161"|"459"|"334"|"249"|"386"|"385"|"502"|"477"|"531"|"398"|"519"|"367"|"417"|"356"|"391"|"2000"|"160"|"2023"|"321"|"195"|"484"
2014-05,328,"512"|"497"|"495"|"257"|"339"|"298"|"318"|"359"|"347"|"2005"|"395"|"143"|"402"|"405"|"358"|"2002"|"400"|"151"|"419"|"468"|"476"|"361"|"232"|"493"|"540"|"313"|"296"|"355"|"377"|"373"|"295"|"238"|"366"|"446"|"460"|"408"|"438"|"383"|"501"|"453"|"415"|"312"|"79"|"409"|"119"|"304"|"294"|"3002"|"431"|"303"|"324"|"218"|"410"|"300"|"545"|"517"|"384"|"416"|"379"|"233"|"456"|"360"|"153"|"490"|"252"|"445"|"224"|"488"|"259"|"396"|"363"|"503"|"310"|"392"|"434"|"243"|"516"|"496"|"357"|"265"|"498"|"2006"|"332"|"421"|"319"|"354"|"418"|"293"|"309"|"323"|"376"|"514"|"499"|"2001"|"521"|"315"|"262"|"455"|"454"|"458"|"325"|"2017"|"329"|"539"|"426"|"442"|"500"|"327"|"212"|"525"|"82"|"430"|"317"|"217"|"247"|"2012"|"336"|"420"|"239"|"223"|"511"|"306"|"522"|"2010"|"352"|"150"|"128"|"251"|"320"|"372"|"275"|"281"|"448"|"412"|"428"|"440"|"307"|"470"|"137"|"280"|"406"|"157"|"311"|"326"|"173"|"236"|"435"|"147"|"536"|"390"|"504"|"528"|"538"|"302"|"523"|"534"|"284"|"335"|"270"|"316"|"364"|"403"|"546"|"465"|"2003"|"509"|"414"|"168"|"365"|"382"|"248"|"340"|"346"|"487"|"116"|"297"|"337"|"489"|"404"|"472"|"291"|"444"|"146"|"261"|"515"|"467"|"462"|"344"|"464"|"537"|"526"|"245"|"267"|"423"|"393"|"216"|"473"|"437"|"322"|"331"|"349"|"2004"|"432"|"244"|"433"|"483"|"527"|"229"|"387"|"341"|"2009"|"120"|"83"|"532"|"492"|"494"|"144"|"510"|"457"|"505"|"529"|"407"|"225"|"290"|"241"|"375"|"174"|"388"|"362"|"268"|"513"|"369"|"164"|"237"|"368"|"482"|"389"|"399"|"343"|"508"|"533"|"463"|"461"|"447"|"289"|"279"|"411"|"285"|"478"|"228"|"481"|"342"|"450"|"278"|"254"|"353"|"436"|"351"|"507"|"485"|"127"|"397"|"260"|"263"|"152"|"427"|"350"|"518"|"250"|"479"|"401"|"264"|"2021"|"466"|"72"|"530"|"394"|"449"|"167"|"348"|"474"|"380"|"491"|"271"|"469"|"314"|"443"|"486"|"422"|"301"|"480"|"475"|"328"|"345"|"520"|"2008"|"274"|"305"|"308"|"276"|"242"|"266"|"439"|"258"|"441"|"2022"|"330"|"161"|"334"|"249"|"459"|"386"|"385"|"502"|"477"|"531"|"398"|"519"|"367"|"417"|"391"|"356"|"2000"|"160"|"2023"|"321"|"195"|"484"
2014-06,328,"512"|"497"|"495"|"257"|"339"|"298"|"318"|"359"|"347"|"2005"|"395"|"143"|"402"|"405"|"358"|"2002"|"151"|"400"|"419"|"468"|"361"|"476"|"493"|"232"|"540"|"313"|"355"|"296"|"377"|"373"|"295"|"238"|"366"|"83"|"460"|"446"|"383"|"408"|"79"|"453"|"312"|"415"|"409"|"438"|"501"|"304"|"294"|"3002"|"119"|"324"|"218"|"431"|"303"|"410"|"300"|"545"|"471"|"517"|"384"|"416"|"456"|"233"|"379"|"360"|"490"|"153"|"252"|"445"|"488"|"224"|"310"|"243"|"503"|"259"|"363"|"396"|"434"|"392"|"516"|"496"|"357"|"2006"|"498"|"265"|"332"|"421"|"319"|"354"|"418"|"293"|"323"|"309"|"376"|"514"|"499"|"2001"|"521"|"315"|"262"|"455"|"454"|"458"|"325"|"2017"|"539"|"329"|"426"|"442"|"500"|"327"|"212"|"525"|"82"|"430"|"317"|"217"|"247"|"2012"|"336"|"420"|"239"|"223"|"511"|"306"|"2010"|"522"|"352"|"150"|"128"|"251"|"320"|"372"|"275"|"448"|"281"|"412"|"428"|"440"|"307"|"470"|"137"|"280"|"157"|"406"|"311"|"326"|"173"|"236"|"435"|"536"|"147"|"390"|"504"|"528"|"538"|"302"|"523"|"534"|"284"|"335"|"270"|"316"|"364"|"403"|"546"|"465"|"2003"|"509"|"414"|"168"|"382"|"297"|"248"|"346"|"340"|"487"|"116"|"365"|"337"|"489"|"444"|"146"|"404"|"472"|"291"|"261"|"515"|"467"|"462"|"344"|"464"|"537"|"526"|"245"|"393"|"423"|"267"|"216"|"473"|"322"|"282"|"331"|"349"|"2004"|"432"|"244"|"483"|"433"|"527"|"229"|"387"|"2009"|"532"|"341"|"120"|"492"|"144"|"494"|"510"|"457"|"505"|"407"|"225"|"529"|"290"|"241"|"375"|"174"|"388"|"362"|"369"|"268"|"389"|"164"|"237"|"368"|"399"|"482"|"343"|"513"|"508"|"463"|"533"|"461"|"447"|"289"|"279"|"411"|"285"|"478"|"228"|"481"|"450"|"342"|"278"|"353"|"436"|"351"|"127"|"485"|"507"|"397"|"260"|"152"|"263"|"427"|"250"|"518"|"350"|"479"|"401"|"466"|"264"|"2021"|"72"|"530"|"394"|"449"|"167"|"348"|"474"|"380"|"491"|"271"|"469"|"314"|"443"|"486"|"475"|"301"|"480"|"520"|"345"|"328"|"274"|"2008"|"422"|"308"|"242"|"305"|"276"|"266"|"439"|"441"|"258"|"2022"|"330"|"249"|"459"|"334"|"161"|"386"|"385"|"502"|"477"|"398"|"531"|"519"|"367"|"417"|"391"|"356"|"2000"|"160"|"321"|"2023"|"195"|"484"
2014-07,328,"512"|"497"|"495"|"257"|"339"|"298"|"318"|"359"|"347"|"2005"|"395"|"143"|"402"|"405"|"358"|"151"|"400"|"419"|"2002"|"468"|"476"|"361"|"493"|"232"|"540"|"313"|"355"|"296"|"377"|"373"|"295"|"238"|"83"|"446"|"366"|"460"|"438"|"501"|"383"|"79"|"312"|"415"|"409"|"453"|"119"|"304"|"294"|"3002"|"431"|"218"|"324"|"303"|"410"|"300"|"545"|"471"|"517"|"384"|"416"|"379"|"233"|"456"|"360"|"490"|"153"|"252"|"396"|"224"|"445"|"310"|"363"|"488"|"259"|"243"|"392"|"434"|"516"|"496"|"357"|"265"|"498"|"2006"|"332"|"421"|"319"|"354"|"418"|"293"|"309"|"376"|"514"|"499"|"2001"|"521"|"315"|"262"|"455"|"454"|"458"|"325"|"2017"|"329"|"539"|"426"|"442"|"500"|"327"|"525"|"82"|"212"|"430"|"317"|"217"|"247"|"2012"|"336"|"420"|"239"|"223"|"511"|"2010"|"306"|"522"|"352"|"150"|"128"|"251"|"320"|"372"|"408"|"275"|"448"|"281"|"412"|"428"|"440"|"307"|"470"|"137"|"280"|"157"|"406"|"311"|"326"|"173"|"236"|"147"|"536"|"435"|"390"|"504"|"528"|"538"|"302"|"534"|"523"|"284"|"335"|"270"|"316"|"364"|"546"|"403"|"465"|"2003"|"509"|"414"|"168"|"382"|"297"|"248"|"346"|"340"|"487"|"337"|"116"|"365"|"489"|"444"|"146"|"404"|"291"|"472"|"261"|"515"|"462"|"344"|"467"|"464"|"537"|"526"|"282"|"216"|"423"|"267"|"393"|"473"|"322"|"245"|"437"|"331"|"349"|"2004"|"432"|"244"|"483"|"433"|"2009"|"527"|"387"|"341"|"532"|"229"|"120"|"144"|"492"|"494"|"510"|"529"|"505"|"457"|"530"|"407"|"290"|"241"|"375"|"174"|"362"|"225"|"369"|"268"|"389"|"237"|"164"|"368"|"482"|"323"|"513"|"399"|"343"|"508"|"463"|"289"|"461"|"447"|"533"|"279"|"411"|"285"|"478"|"228"|"481"|"450"|"342"|"278"|"353"|"351"|"436"|"127"|"507"|"260"|"485"|"397"|"263"|"152"|"388"|"427"|"250"|"518"|"350"|"479"|"401"|"264"|"2021"|"466"|"72"|"394"|"449"|"167"|"348"|"474"|"380"|"469"|"491"|"271"|"314"|"443"|"486"|"475"|"301"|"480"|"422"|"328"|"345"|"520"|"2008"|"274"|"305"|"308"|"276"|"441"|"258"|"439"|"266"|"242"|"2022"|"330"|"161"|"459"|"249"|"334"|"386"|"385"|"502"|"477"|"531"|"398"|"519"|"367"|"417"|"391"|"356"|"2023"|"2000"|"321"|"160"|"195"|"484"
2014-08,326,"512"|"497"|"495"|"257"|"339"|"298"|"318"|"359"|"347"|"2005"|"143"|"395"|"402"|"405"|"358"|"2002"|"151"|"400"|"419"|"468"|"476"|"361"|"493"|"232"|"540"|"313"|"355"|"296"|"377"|"373"|"295"|"238"|"446"|"366"|"460"|"83"|"383"|"501"|"79"|"438"|"312"|"453"|"415"|"409"|"119"|"304"|"3002"|"294"|"431"|"218"|"303"|"324"|"410"|"300"|"545"|"471"|"517"|"384"|"416"|"379"|"233"|"456"|"360"|"490"|"153"|"396"|"445"|"224"|"488"|"310"|"252"|"363"|"259"|"243"|"392"|"434"|"503"|"516"|"496"|"357"|"265"|"498"|"2006"|"421"|"332"|"319"|"354"|"418"|"293"|"309"|"376"|"514"|"499"|"2001"|"521"|"315"|"262"|"455"|"454"|"458"|"325"|"2017"|"539"|"329"|"426"|"442"|"500"|"327"|"525"|"212"|"82"|"430"|"317"|"362"|"217"|"247"|"2012"|"336"|"420"|"239"|"223"|"511"|"522"|"2010"|"306"|"352"|"150"|"251"|"128"|"320"|"372"|"408"|"275"|"448"|"281"|"412"|"428"|"440"|"307"|"470"|"137"|"280"|"406"|"157"|"311"|"326"|"173"|"236"|"435"|"536"|"147"|"390"|"504"|"528"|"302"|"523"|"534"|"284"|"335"|"270"|"316"|"364"|"403"|"546"|"465"|"2003"|"509"|"414"|"168"|"382"|"297"|"365"|"340"|"346"|"487"|"116"|"337"|"248"|"489"|"444"|"472"|"404"|"291"|"146"|"261"|"515"|"462"|"467"|"344"|"464"|"537"|"526"|"245"|"216"|"267"|"393"|"423"|"473"|"282"|"437"|"331"|"349"|"2004"|"432"|"244"|"483"|"433"|"341"|"229"|"387"|"120"|"532"|"2009"|"530"|"494"|"492"|"510"|"457"|"505"|"407"|"529"|"144"|"241"|"290"|"375"|"174"|"323"|"225"|"268"|"513"|"369"|"237"|"164"|"368"|"482"|"388"|"399"|"389"|"343"|"508"|"463"|"289"|"461"|"447"|"533"|"279"|"411"|"285"|"228"|"478"|"481"|"450"|"342"|"278"|"353"|"351"|"436"|"127"|"507"|"485"|"260"|"397"|"263"|"152"|"427"|"518"|"250"|"350"|"479"|"401"|"466"|"2021"|"264"|"72"|"394"|"167"|"449"|"348"|"474"|"380"|"491"|"271"|"469"|"314"|"443"|"486"|"475"|"301"|"480"|"520"|"345"|"422"|"328"|"2008"|"274"|"308"|"305"|"276"|"441"|"258"|"439"|"266"|"242"|"2022"|"330"|"161"|"334"|"459"|"249"|"386"|"385"|"502"|"477"|"531"|"398"|"519"|"367"|"417"|"356"|"391"|"2023"|"160"|"2000"|"321"|"195"|"484"
2014-09,328,"512"|"497"|"495"|"339"|"257"|"298"|"318"|"359"|"347"|"2005"|"143"|"395"|"402"|"405"|"151"|"358"|"2002"|"400"|"419"|"468"|"361"|"476"|"493"|"232"|"540"|"313"|"377"|"296"|"355"|"373"|"295"|"238"|"446"|"408"|"366"|"83"|"383"|"438"|"79"|"453"|"312"|"415"|"501"|"409"|"119"|"304"|"3002"|"294"|"431"|"324"|"218"|"303"|"410"|"300"|"545"|"471"|"517"|"384"|"416"|"379"|"456"|"233"|"360"|"490"|"153"|"252"|"396"|"224"|"488"|"310"|"503"|"243"|"445"|"259"|"392"|"434"|"363"|"516"|"496"|"357"|"265"|"498"|"2006"|"421"|"332"|"319"|"354"|"418"|"293"|"309"|"323"|"376"|"514"|"499"|"2001"|"521"|"315"|"262"|"455"|"454"|"458"|"325"|"2017"|"539"|"329"|"426"|"442"|"500"|"327"|"525"|"212"|"82"|"430"|"317"|"217"|"247"|"2012"|"336"|"420"|"239"|"223"|"511"|"306"|"2010"|"522"|"352"|"174"|"150"|"251"|"128"|"320"|"372"|"275"|"448"|"281"|"412"|"428"|"440"|"307"|"470"|"137"|"280"|"157"|"406"|"311"|"326"|"173"|"236"|"435"|"536"|"147"|"390"|"504"|"528"|"302"|"523"|"534"|"335"|"284"|"364"|"270"|"316"|"403"|"546"|"465"|"2003"|"509"|"414"|"168"|"382"|"297"|"365"|"346"|"340"|"487"|"116"|"337"|"248"|"489"|"404"|"472"|"291"|"444"|"146"|"261"|"515"|"460"|"462"|"467"|"344"|"464"|"537"|"526"|"282"|"393"|"423"|"216"|"245"|"473"|"437"|"267"|"322"|"331"|"349"|"2004"|"432"|"244"|"483"|"433"|"341"|"120"|"387"|"229"|"532"|"2009"|"492"|"494"|"144"|"530"|"457"|"505"|"529"|"407"|"510"|"290"|"241"|"375"|"362"|"388"|"225"|"268"|"369"|"389"|"237"|"164"|"368"|"482"|"513"|"343"|"399"|"508"|"533"|"463"|"461"|"447"|"289"|"279"|"411"|"285"|"478"|"228"|"481"|"450"|"342"|"278"|"353"|"254"|"351"|"436"|"507"|"485"|"127"|"260"|"397"|"263"|"152"|"427"|"250"|"518"|"350"|"479"|"401"|"264"|"2021"|"466"|"72"|"394"|"167"|"449"|"348"|"474"|"380"|"491"|"271"|"469"|"314"|"443"|"486"|"422"|"301"|"475"|"274"|"345"|"520"|"328"|"2008"|"480"|"308"|"441"|"276"|"305"|"258"|"439"|"266"|"242"|"2022"|"330"|"249"|"334"|"459"|"161"|"386"|"385"|"502"|"477"|"531"|"398"|"519"|"367"|"417"|"391"|"356"|"2023"|"2000"|"321"|"160"|"195"|"484"
2014-10,329,"512"|"497"|"495"|"257"|"339"|"298"|"318"|"359"|"347"|"2005"|"395"|"143"|"402"|"419"|"358"|"405"|"151"|"2002"|"400"|"468"|"361"|"476"|"493"|"232"|"540"|"313"|"296"|"355"|"377"|"373"|"295"|"238"|"446"|"83"|"460"|"366"|"438"|"383"|"79"|"453"|"312"|"415"|"501"|"409"|"119"|"304"|"294"|"3002"|"431"|"218"|"324"|"303"|"410"|"300"|"545"|"471"|"517"|"384"|"416"|"379"|"233"|"456"|"360"|"490"|"153"|"252"|"445"|"224"|"488"|"310"|"503"|"259"|"363"|"243"|"392"|"434"|"516"|"496"|"357"|"265"|"498"|"2006"|"421"|"332"|"319"|"354"|"418"|"293"|"309"|"323"|"376"|"514"|"499"|"2001"|"521"|"315"|"262"|"455"|"454"|"458"|"325"|"2017"|"329"|"539"|"442"|"426"|"500"|"327"|"525"|"212"|"82"|"430"|"317"|"217"|"247"|"2012"|"336"|"420"|"239"|"223"|"511"|"2010"|"306"|"522"|"352"|"150"|"128"|"251"|"320"|"372"|"408"|"275"|"448"|"281"|"412"|"428"|"440"|"307"|"470"|"137"|"280"|"406"|"157"|"311"|"326"|"173"|"236"|"435"|"536"|"147"|"390"|"504"|"528"|"302"|"534"|"523"|"335"|"284"|"270"|"316"|"364"|"225"|"403"|"546"|"465"|"2003"|"509"|"414"|"168"|"382"|"365"|"297"|"346"|"340"|"487"|"116"|"248"|"337"|"489"|"404"|"472"|"444"|"291"|"146"|"261"|"515"|"462"|"467"|"344"|"464"|"537"|"245"|"282"|"393"|"423"|"267"|"526"|"473"|"322"|"437"|"216"|"331"|"349"|"2004"|"432"|"244"|"483"|"433"|"341"|"2009"|"229"|"387"|"532"|"120"|"492"|"494"|"530"|"510"|"529"|"457"|"407"|"505"|"144"|"290"|"241"|"362"|"174"|"375"|"388"|"268"|"369"|"513"|"237"|"389"|"368"|"482"|"343"|"164"|"399"|"508"|"533"|"289"|"461"|"447"|"463"|"279"|"411"|"285"|"524"|"478"|"228"|"481"|"450"|"278"|"342"|"353"|"254"|"351"|"436"|"127"|"507"|"485"|"396"|"397"|"263"|"152"|"260"|"427"|"518"|"350"|"250"|"479"|"401"|"264"|"466"|"2021"|"72"|"394"|"449"|"167"|"348"|"474"|"380"|"491"|"469"|"271"|"314"|"443"|"486"|"475"|"301"|"274"|"422"|"345"|"328"|"480"|"2008"|"520"|"305"|"441"|"242"|"276"|"258"|"439"|"308"|"266"|"2022"|"330"|"161"|"334"|"459"|"249"|"386"|"385"|"502"|"477"|"531"|"398"|"519"|"367"|"417"|"391"|"356"|"2023"|"321"|"160"|"2000"|"195"|"484"
2014-11,329,"512"|"497"|"495"|"257"|"339"|"298"|"318"|"359"|"347"|"2005"|"395"|"143"|"402"|"419"|"151"|"358"|"405"|"400"|"2002"|"468"|"476"|"361"|"493"|"232"|"540"|"313"|"377"|"355"|"296"|"373"|"295"|"238"|"366"|"446"|"460"|"408"|"383"|"438"|"79"|"453"|"312"|"415"|"501"|"409"|"119"|"304"|"294"|"3002"|"431"|"324"|"303"|"218"|"410"|"300"|"545"|"471"|"517"|"384"|"416"|"379"|"233"|"456"|"360"|"490"|"153"|"252"|"445"|"224"|"259"|"488"|"503"|"243"|"363"|"396"|"392"|"434"|"310"|"516"|"496"|"357"|"265"|"498"|"2006"|"332"|"421"|"354"|"418"|"293"|"309"|"376"|"514"|"499"|"2001"|"521"|"315"|"262"|"455"|"454"|"458"|"2017"|"325"|"539"|"329"|"442"|"426"|"500"|"327"|"212"|"82"|"525"|"430"|"317"|"362"|"217"|"247"|"2012"|"336"|"420"|"239"|"223"|"511"|"306"|"2010"|"522"|"352"|"150"|"128"|"251"|"372"|"320"|"275"|"448"|"281"|"412"|"428"|"440"|"307"|"470"|"137"|"280"|"157"|"406"|"311"|"326"|"173"|"236"|"147"|"536"|"435"|"390"|"504"|"528"|"538"|"302"|"523"|"534"|"284"|"364"|"270"|"316"|"335"|"225"|"546"|"403"|"465"|"509"|"414"|"168"|"382"|"297"|"365"|"346"|"340"|"487"|"116"|"337"|"248"|"489"|"404"|"472"|"146"|"444"|"291"|"261"|"515"|"462"|"344"|"467"|"464"|"537"|"526"|"282"|"267"|"423"|"393"|"216"|"473"|"437"|"322"|"245"|"331"|"349"|"2004"|"432"|"244"|"483"|"433"|"2009"|"229"|"120"|"387"|"532"|"341"|"83"|"527"|"530"|"494"|"492"|"510"|"529"|"505"|"457"|"407"|"144"|"290"|"241"|"375"|"174"|"388"|"323"|"268"|"513"|"343"|"164"|"237"|"368"|"482"|"399"|"389"|"369"|"508"|"463"|"533"|"461"|"447"|"289"|"279"|"411"|"285"|"478"|"228"|"481"|"450"|"342"|"278"|"353"|"254"|"351"|"436"|"507"|"127"|"485"|"397"|"260"|"263"|"152"|"427"|"250"|"350"|"518"|"479"|"401"|"466"|"2021"|"264"|"72"|"394"|"449"|"167"|"348"|"474"|"380"|"491"|"469"|"271"|"314"|"443"|"486"|"475"|"301"|"274"|"480"|"328"|"422"|"520"|"2008"|"524"|"308"|"441"|"305"|"345"|"258"|"439"|"276"|"242"|"266"|"2022"|"330"|"161"|"334"|"249"|"459"|"386"|"385"|"502"|"477"|"531"|"398"|"519"|"367"|"417"|"391"|"356"|"2023"|"160"|"2000"|"321"|"195"|"484"
2014-12,330,"512"|"497"|"495"|"339"|"257"|"298"|"318"|"359"|"347"|"2005"|"395"|"143"|"402"|"405"|"358"|"151"|"400"|"419"|"2002"|"468"|"476"|"361"|"493"|"232"|"540"|"313"|"355"|"296"|"377"|"373"|"295"|"238"|"446"|"366"|"460"|"408"|"501"|"438"|"383"|"453"|"312"|"415"|"409"|"79"|"119"|"304"|"294"|"3002"|"431"|"324"|"303"|"218"|"410"|"300"|"545"|"471"|"517"|"384"|"416"|"379"|"456"|"233"|"360"|"490"|"153"|"252"|"445"|"224"|"488"|"259"|"503"|"310"|"396"|"363"|"243"|"434"|"392"|"516"|"496"|"357"|"265"|"498"|"2006"|"421"|"332"|"354"|"418"|"293"|"309"|"323"|"376"|"514"|"499"|"2001"|"521"|"315"|"262"|"455"|"454"|"458"|"325"|"2017"|"539"|"329"|"442"|"426"|"500"|"327"|"212"|"82"|"525"|"430"|"317"|"217"|"247"|"2012"|"336"|"420"|"239"|"223"|"511"|"2010"|"522"|"306"|"352"|"150"|"128"|"251"|"372"|"320"|"275"|"448"|"281"|"412"|"428"|"440"|"307"|"470"|"137"|"280"|"157"|"406"|"311"|"326"|"173"|"236"|"435"|"536"|"147"|"390"|"504"|"528"|"538"|"302"|"523"|"534"|"284"|"364"|"335"|"316"|"270"|"403"|"546"|"465"|"2003"|"509"|"414"|"168"|"382"|"297"|"365"|"340"|"346"|"487"|"116"|"337"|"248"|"489"|"444"|"404"|"291"|"472"|"146"|"261"|"515"|"462"|"467"|"344"|"464"|"537"|"526"|"282"|"393"|"267"|"423"|"245"|"473"|"437"|"216"|"322"|"331"|"349"|"2004"|"432"|"244"|"433"|"483"|"527"|"229"|"2009"|"120"|"532"|"341"|"387"|"83"|"492"|"494"|"530"|"510"|"529"|"505"|"407"|"457"|"144"|"290"|"241"|"362"|"375"|"174"|"225"|"369"|"513"|"343"|"237"|"164"|"368"|"482"|"268"|"389"|"399"|"508"|"533"|"463"|"461"|"447"|"289"|"279"|"411"|"285"|"228"|"478"|"481"|"450"|"342"|"254"|"278"|"353"|"351"|"436"|"507"|"485"|"127"|"397"|"260"|"263"|"152"|"388"|"427"|"350"|"518"|"250"|"479"|"401"|"466"|"2021"|"264"|"72"|"394"|"449"|"167"|"348"|"474"|"380"|"271"|"469"|"491"|"314"|"443"|"486"|"475"|"422"|"301"|"480"|"345"|"328"|"524"|"2008"|"274"|"305"|"441"|"520"|"276"|"258"|"439"|"308"|"242"|"266"|"2022"|"330"|"161"|"459"|"334"|"249"|"386"|"385"|"502"|"477"|"531"|"398"|"519"|"367"|"417"|"391"|"356"|"2000"|"160"|"2023"|"321"|"195"|"484"
2015-01,330,531|469|372|259|521|127|254|392|320|339|467|241|456|329|2003|2000|289|474|515|466|409|509|150|454|261|390|317|482|491|440|143|362|249|418|2009|426|526|354|232|499|300|271|382|274|161|2012|358|394|546|433|494|247|512|330|405|335|309|262|417|473|508|157|120|407|342|444|476|223|421|270|439|2017|267|216|493|401|487|242|264|453|461|2006|500|479|377|245|441|302|217|268|369|325|387|510|314|303|400|495|384|436|402|250|480|344|195|420|488|503|151|243|534|524|457|294|340|301|442|328|486|368|385|351|297|492|278|520|72|502|236|164|279|468|311|276|228|386|296|367|282|464|307|379|284|412|327|527|411|513|498|326|396|168|2004|295|265|237|357|397|395|419|346|332|523|435|545|383|447|334|360|388|350|244|393|516|341|373|146|355|410|290|347|430|345|82|518|519|258|356|398|459|437|432|353|507|318|298|310|477|116|2005|438|536|416|389|257|2022|427|308|522|449|147|323|128|446|504|403|313|458|174|391|153|428|291|399|306|376|233|380|2001|485|285|252|152|404|364|304|443|266|532|501|497|137|445|530|2023|431|83|359|406|529|490|349|3002|423|79|315|484|455|337|375|471|525|119|348|2021|528|260|2002|478|218|224|365|229|144|251|352|460|173|540|465|293|316|2008|408|361|450|331|415|239|322|475|324|463|305|212|538|434|511|312|481|462|321|248|225|514|483|414|533|2010|366|281|363|275|343|167|448|517|336|280|470|496|238|539|505|160|537|472|422|263|489
2015-02,328,531|469|259|372|521|392|254|127|320|339|467|446|456|329|241|2000|289|474|515|466|409|509|150|261|454|390|317|482|491|160|440|143|249|418|362|2009|526|426|354|300|499|232|271|382|274|161|2012|546|358|433|494|247|512|330|405|335|309|262|417|473|508|444|157|120|342|407|421|270|439|267|242|493|216|487|401|2017|500|453|461|2006|264|479|377|510|302|245|325|369|147|268|387|441|314|217|303|400|436|384|495|402|250|480|344|195|420|488|503|151|243|534|524|457|294|340|301|442|328|520|368|385|351|297|492|278|279|468|236|164|502|72|276|311|228|296|386|367|379|307|464|282|284|412|327|527|411|513|498|326|396|168|2004|295|237|265|357|397|395|419|346|332|435|523|545|383|447|334|360|388|350|244|393|516|341|373|146|355|410|290|347|430|345|356|518|258|82|519|398|459|437|432|353|507|318|298|477|310|2005|438|422|416|257|2022|389|536|427|308|323|449|476|458|128|394|504|403|391|522|174|313|153|428|291|306|399|376|233|380|2001|485|285|252|152|404|364|443|304|266|501|137|497|532|445|530|2023|431|83|359|406|263|490|349|529|3002|423|79|315|484|455|337|2002|119|525|375|348|2021|528|224|471|478|260|218|365|229|144|251|352|173|460|465|293|316|2008|408|361|415|331|450|322|239|475|324|463|305|212|538|434|511|312|462|481|321|248|225|483|533|514|414|366|2010|281|363|275|343|539|448|336|167|280|505|470|238|496|517|116|537|472|486|223|489
2015-03,328,531|469|372|259|127|392|254|521|320|339|467|241|456|329|2000|289|474|515|466|409|509|150|261|522|454|390|317|482|491|160|440|143|249|362|418|2009|526|426|354|300|499|232|271|382|358|161|274|546|2012|433|494|247|512|330|405|335|309|262|417|473|508|223|444|407|342|157|421|120|270|439|2017|242|216|493|401|487|500|453|461|2006|264|479|377|510|302|441|325|369|387|268|217|147|314|303|400|495|436|402|250|480|344|195|420|488|255|503|151|243|534|524|294|340|301|442|328|486|368|520|351|297|492|278|502|468|236|164|279|72|311|276|228|386|296|367|379|307|282|464|284|412|327|527|411|513|498|326|396|168|2004|357|237|265|397|295|395|419|346|332|523|435|545|323|383|447|334|360|388|350|244|393|516|341|373|146|458|355|410|290|347|345|356|519|258|518|82|398|459|437|432|353|507|245|318|298|477|310|2005|438|389|257|536|416|422|2022|427|308|385|457|449|476|394|504|313|403|391|306|174|446|128|428|399|153|291|376|233|380|2001|485|285|252|152|404|364|304|443|266|532|137|497|501|445|530|2023|431|83|359|263|406|529|490|349|3002|423|79|315|484|455|337|375|119|525|471|2002|224|2021|528|348|478|218|260|365|229|144|251|173|352|460|465|293|316|408|2008|361|450|331|415|322|239|475|324|463|305|212|538|434|511|312|462|481|321|248|225|483|533|414|514|2010|366|363|275|281|343|539|448|336|167|280|470|496|238|505|517|116|537|472|430|267|489
2015-04,327,"512"|"497"|"495"|"257"|"339"|"298"|"318"|"359"|"347"|"2005"|"143"|"395"|"402"|"419"|"151"|"358"|"405"|"2002"|"400"|"468"|"361"|"476"|"232"|"493"|"313"|"296"|"355"|"377"|"373"|"295"|"238"|"83"|"446"|"366"|"460"|"438"|"383"|"79"|"453"|"312"|"415"|"501"|"409"|"119"|"304"|"294"|"431"|"303"|"324"|"218"|"410"|"300"|"545"|"471"|"517"|"416"|"379"|"456"|"233"|"360"|"490"|"153"|"396"|"445"|"488"|"252"|"259"|"503"|"363"|"224"|"310"|"392"|"434"|"243"|"516"|"496"|"357"|"265"|"498"|"2006"|"332"|"421"|"354"|"418"|"293"|"309"|"323"|"376"|"514"|"499"|"2001"|"521"|"315"|"262"|"455"|"454"|"458"|"325"|"2017"|"539"|"329"|"442"|"426"|"500"|"327"|"212"|"82"|"525"|"430"|"317"|"217"|"247"|"2012"|"336"|"420"|"239"|"223"|"511"|"306"|"522"|"2010"|"352"|"150"|"128"|"372"|"320"|"251"|"408"|"275"|"281"|"448"|"412"|"428"|"440"|"307"|"470"|"137"|"280"|"255"|"157"|"406"|"311"|"326"|"173"|"236"|"435"|"147"|"536"|"390"|"504"|"528"|"538"|"302"|"523"|"534"|"335"|"364"|"284"|"270"|"316"|"403"|"546"|"465"|"509"|"414"|"168"|"382"|"248"|"297"|"346"|"340"|"487"|"116"|"337"|"365"|"489"|"444"|"472"|"404"|"146"|"261"|"515"|"462"|"344"|"467"|"464"|"537"|"526"|"282"|"393"|"267"|"245"|"216"|"473"|"437"|"322"|"423"|"331"|"349"|"2004"|"432"|"244"|"433"|"483"|"2009"|"229"|"387"|"341"|"532"|"527"|"274"|"120"|"492"|"494"|"530"|"510"|"457"|"505"|"529"|"144"|"225"|"241"|"290"|"375"|"174"|"362"|"388"|"369"|"513"|"268"|"164"|"237"|"368"|"482"|"389"|"399"|"343"|"508"|"533"|"289"|"461"|"447"|"463"|"279"|"411"|"285"|"478"|"228"|"481"|"450"|"342"|"254"|"353"|"278"|"351"|"436"|"127"|"507"|"485"|"397"|"260"|"263"|"152"|"253"|"427"|"250"|"518"|"350"|"479"|"401"|"264"|"2021"|"466"|"72"|"394"|"449"|"167"|"407"|"348"|"474"|"380"|"271"|"491"|"469"|"314"|"443"|"486"|"422"|"301"|"480"|"475"|"345"|"520"|"524"|"2008"|"328"|"308"|"441"|"276"|"305"|"266"|"439"|"258"|"242"|"2022"|"330"|"161"|"334"|"459"|"249"|"386"|"385"|"502"|"477"|"531"|"398"|"519"|"367"|"417"|"391"|"356"|"2023"|"160"|"2000"|"321"|"195"|"484"
2015-05,327,"512"|"497"|"495"|"257"|"339"|"298"|"318"|"359"|"347"|"2005"|"143"|"395"|"402"|"405"|"2002"|"358"|"151"|"419"|"400"|"468"|"476"|"361"|"274"|"493"|"232"|"313"|"355"|"296"|"377"|"373"|"295"|"238"|"446"|"408"|"366"|"460"|"438"|"383"|"79"|"453"|"312"|"415"|"501"|"409"|"119"|"304"|"294"|"431"|"324"|"303"|"218"|"410"|"300"|"545"|"471"|"517"|"416"|"379"|"456"|"233"|"360"|"490"|"153"|"396"|"252"|"488"|"445"|"310"|"503"|"363"|"224"|"243"|"392"|"434"|"259"|"516"|"496"|"357"|"2006"|"265"|"498"|"332"|"421"|"354"|"418"|"293"|"323"|"309"|"376"|"514"|"499"|"2001"|"521"|"315"|"262"|"455"|"454"|"458"|"325"|"2017"|"539"|"329"|"426"|"442"|"500"|"327"|"525"|"82"|"430"|"317"|"217"|"247"|"2012"|"336"|"420"|"239"|"223"|"511"|"2010"|"306"|"522"|"352"|"150"|"128"|"251"|"320"|"372"|"275"|"448"|"281"|"412"|"428"|"440"|"307"|"470"|"137"|"280"|"255"|"157"|"406"|"311"|"326"|"173"|"236"|"147"|"536"|"435"|"390"|"504"|"528"|"538"|"302"|"534"|"523"|"284"|"335"|"270"|"316"|"364"|"403"|"546"|"465"|"2003"|"509"|"414"|"168"|"365"|"297"|"382"|"346"|"340"|"487"|"337"|"248"|"116"|"489"|"404"|"472"|"146"|"444"|"291"|"261"|"515"|"462"|"467"|"344"|"464"|"537"|"526"|"245"|"393"|"267"|"423"|"282"|"322"|"437"|"473"|"216"|"331"|"349"|"2004"|"432"|"244"|"433"|"483"|"527"|"229"|"387"|"341"|"532"|"2009"|"120"|"83"|"492"|"494"|"530"|"510"|"457"|"505"|"529"|"407"|"144"|"290"|"241"|"362"|"174"|"375"|"225"|"369"|"513"|"389"|"164"|"237"|"368"|"482"|"399"|"268"|"343"|"508"|"533"|"463"|"461"|"447"|"289"|"279"|"411"|"285"|"478"|"228"|"481"|"450"|"278"|"254"|"342"|"353"|"351"|"436"|"507"|"127"|"485"|"397"|"260"|"263"|"152"|"253"|"388"|"427"|"518"|"250"|"350"|"479"|"401"|"264"|"2021"|"466"|"72"|"394"|"449"|"167"|"348"|"474"|"380"|"271"|"469"|"491"|"314"|"443"|"486"|"475"|"301"|"480"|"422"|"520"|"328"|"524"|"2008"|"345"|"305"|"441"|"276"|"308"|"266"|"439"|"258"|"242"|"2022"|"330"|"161"|"334"|"249"|"459"|"386"|"385"|"477"|"531"|"398"|"519"|"367"|"417"|"391"|"356"|"2023"|"160"|"321"|"2000"|"195"|"484"
2015-06,326,531|469|372|259|521|127|254|392|320|339|467|241|456|329|119|2003|289|2000|474|515|466|409|509|150|454|261|522|390|317|482|491|440|253|143|362|249|418|2009|426|526|232|300|499|354|271|382|358|161|2012|546|274|433|494|247|512|330|405|309|335|262|417|473|508|157|120|444|342|407|421|270|439|267|2017|216|242|401|487|493|500|453|461|264|2006|479|377|510|441|302|387|369|147|325|217|245|314|268|303|400|495|436|402|250|480|344|195|420|488|503|151|243|534|524|294|340|301|442|328|520|368|486|385|297|492|278|351|72|468|236|164|279|502|276|311|228|296|386|367|379|307|282|464|284|412|327|527|411|513|498|326|396|168|2004|357|237|265|295|397|395|419|346|332|523|435|545|323|383|447|334|360|388|350|244|393|516|341|373|146|355|410|290|345|82|519|518|258|356|398|459|437|432|353|507|2005|298|310|477|116|318|438|536|257|416|422|389|2022|427|308|457|449|476|458|128|504|446|403|394|306|391|174|153|428|291|399|376|233|380|2001|485|285|152|252|404|364|443|304|266|532|501|497|137|445|530|2023|431|83|359|263|406|490|529|349|423|3002|315|79|484|455|337|375|471|525|2002|348|224|2021|528|260|478|218|365|144|251|352|460|173|465|293|313|316|2008|408|361|331|415|239|322|475|324|463|305|538|212|434|511|312|462|481|321|248|225|514|533|483|414|366|2010|363|281|275|343|167|448|336|517|280|505|470|238|496|539|160|537|472|430|223|489
2015-07,330,"512"|"497"|"495"|"339"|"257"|"298"|"318"|"359"|"347"|"2005"|"395"|"143"|"402"|"405"|"358"|"2002"|"151"|"419"|"400"|"468"|"361"|"476"|"493"|"232"|"313"|"296"|"355"|"377"|"373"|"295"|"238"|"446"|"366"|"460"|"408"|"383"|"438"|"501"|"453"|"312"|"415"|"79"|"409"|"119"|"304"|"294"|"3002"|"431"|"324"|"218"|"303"|"410"|"300"|"545"|"471"|"517"|"416"|"456"|"379"|"233"|"360"|"490"|"153"|"252"|"445"|"488"|"259"|"310"|"503"|"363"|"396"|"224"|"243"|"434"|"392"|"516"|"496"|"357"|"2006"|"498"|"265"|"332"|"421"|"354"|"418"|"293"|"309"|"323"|"376"|"514"|"499"|"2001"|"521"|"315"|"262"|"455"|"454"|"458"|"2017"|"325"|"539"|"329"|"426"|"442"|"500"|"327"|"212"|"525"|"82"|"430"|"317"|"217"|"247"|"2012"|"336"|"420"|"239"|"223"|"511"|"306"|"2010"|"522"|"352"|"150"|"128"|"251"|"320"|"372"|"275"|"281"|"448"|"412"|"428"|"440"|"307"|"470"|"137"|"280"|"229"|"406"|"157"|"311"|"326"|"173"|"236"|"435"|"147"|"536"|"390"|"504"|"528"|"538"|"302"|"523"|"534"|"284"|"335"|"364"|"316"|"270"|"403"|"546"|"465"|"2003"|"509"|"414"|"168"|"382"|"297"|"248"|"346"|"365"|"487"|"116"|"340"|"337"|"489"|"444"|"146"|"472"|"404"|"291"|"261"|"515"|"467"|"462"|"344"|"464"|"537"|"526"|"282"|"267"|"423"|"393"|"245"|"473"|"437"|"216"|"322"|"331"|"349"|"2004"|"432"|"244"|"483"|"433"|"527"|"2009"|"387"|"120"|"341"|"532"|"274"|"83"|"530"|"492"|"144"|"494"|"457"|"529"|"505"|"407"|"510"|"290"|"241"|"375"|"174"|"388"|"225"|"369"|"268"|"362"|"237"|"164"|"368"|"482"|"399"|"513"|"389"|"343"|"508"|"463"|"533"|"461"|"447"|"289"|"279"|"411"|"285"|"478"|"228"|"481"|"342"|"278"|"254"|"353"|"450"|"351"|"436"|"127"|"485"|"507"|"397"|"260"|"152"|"263"|"253"|"427"|"250"|"518"|"350"|"3180"|"479"|"401"|"466"|"2021"|"264"|"72"|"394"|"449"|"167"|"348"|"474"|"380"|"491"|"271"|"469"|"314"|"443"|"486"|"422"|"301"|"480"|"475"|"328"|"345"|"520"|"2008"|"524"|"305"|"441"|"276"|"308"|"266"|"439"|"258"|"242"|"2022"|"330"|"161"|"334"|"249"|"459"|"386"|"385"|"502"|"477"|"531"|"398"|"519"|"367"|"417"|"391"|"356"|"321"|"160"|"2000"|"2023"|"195"|"484"
2015-08,419,"512"|"3054"|"359"|"395"|"143"|"3106"|"3067"|"151"|"493"|"3182"|"296"|"373"|"295"|"460"|"438"|"409"|"119"|"3002"|"379"|"490"|"252"|"445"|"224"|"3074"|"310"|"503"|"363"|"392"|"3101"|"332"|"354"|"293"|"3113"|"455"|"454"|"2017"|"420"|"223"|"306"|"3097"|"275"|"448"|"307"|"470"|"3222"|"406"|"3044"|"311"|"3098"|"3060"|"3090"|"523"|"364"|"2003"|"168"|"365"|"346"|"472"|"3112"|"3091"|"3064"|"464"|"245"|"432"|"244"|"433"|"483"|"527"|"2009"|"387"|"3084"|"532"|"492"|"530"|"290"|"375"|"268"|"369"|"237"|"482"|"399"|"508"|"3117"|"461"|"228"|"3130"|"436"|"127"|"397"|"263"|"152"|"3061"|"350"|"3180"|"3115"|"264"|"167"|"348"|"443"|"475"|"3224"|"3181"|"520"|"308"|"441"|"3223"|"2022"|"334"|"386"|"398"|"519"|"3072"|"391"|"356"|"2000"|"3079"|"3125"|"495"|"339"|"298"|"318"|"405"|"400"|"3127"|"313"|"355"|"366"|"383"|"501"|"79"|"453"|"312"|"304"|"3105"|"324"|"218"|"300"|"3016"|"517"|"488"|"259"|"434"|"496"|"265"|"319"|"3109"|"521"|"262"|"426"|"500"|"525"|"3095"|"317"|"336"|"3056"|"522"|"3119"|"3087"|"251"|"128"|"372"|"137"|"326"|"3083"|"3041"|"3126"|"528"|"3128"|"3049"|"248"|"297"|"291"|"444"|"404"|"261"|"344"|"537"|"331"|"349"|"229"|"120"|"494"|"505"|"362"|"3052"|"164"|"3108"|"463"|"3069"|"447"|"411"|"285"|"478"|"3179"|"342"|"507"|"260"|"479"|"466"|"3066"|"3118"|"469"|"3086"|"301"|"345"|"2008"|"305"|"242"|"266"|"161"|"249"|"3055"|"484"|"257"|"347"|"402"|"419"|"358"|"232"|"446"|"408"|"415"|"303"|"410"|"3081"|"545"|"416"|"456"|"360"|"153"|"396"|"3094"|"498"|"421"|"418"|"376"|"315"|"3046"|"458"|"325"|"329"|"539"|"3124"|"327"|"212"|"82"|"217"|"3114"|"2012"|"3158"|"511"|"2010"|"352"|"150"|"320"|"281"|"412"|"428"|"280"|"157"|"3103"|"236"|"536"|"3107"|"3053"|"3065"|"534"|"284"|"316"|"403"|"465"|"509"|"414"|"116"|"337"|"489"|"146"|"515"|"467"|"282"|"267"|"423"|"3092"|"437"|"3057"|"144"|"510"|"457"|"3102"|"174"|"323"|"343"|"533"|"289"|"353"|"485"|"253"|"3043"|"72"|"449"|"474"|"3093"|"380"|"491"|"314"|"422"|"480"|"328"|"524"|"276"|"258"|"439"|"3059"|"459"|"3088"|"385"|"477"|"417"|"497"|"3111"|"2005"|"2002"|"468"|"476"|"361"|"540"|"377"|"3077"|"238"|"83"|"3075"|"294"|"431"|"3121"|"471"|"384"|"233"|"3063"|"3071"|"243"|"516"|"357"|"2006"|"3104"|"309"|"514"|"499"|"2001"|"442"|"430"|"247"|"239"|"440"|"3068"|"173"|"435"|"147"|"390"|"504"|"3062"|"3042"|"302"|"335"|"270"|"546"|"382"|"340"|"487"|"462"|"3047"|"526"|"393"|"216"|"3070"|"473"|"322"|"3110"|"3073"|"2004"|"3133"|"3050"|"341"|"3129"|"529"|"241"|"388"|"225"|"513"|"389"|"368"|"3123"|"279"|"481"|"450"|"278"|"254"|"351"|"427"|"250"|"518"|"401"|"2021"|"3076"|"394"|"271"|"3048"|"486"|"274"|"3058"|"3120"|"330"|"502"|"531"|"367"|"321"|"160"|"2023"|"195"|"3014"
2015-09,453,"512"|"3054"|"3231"|"359"|"143"|"3106"|"3067"|"395"|"151"|"493"|"3182"|"296"|"373"|"295"|"3172"|"460"|"438"|"409"|"119"|"3002"|"379"|"490"|"252"|"445"|"224"|"3074"|"310"|"503"|"363"|"392"|"3101"|"332"|"354"|"3082"|"293"|"3113"|"455"|"454"|"2017"|"420"|"223"|"306"|"3097"|"275"|"448"|"307"|"470"|"3222"|"406"|"3044"|"311"|"3085"|"3098"|"3060"|"3090"|"523"|"364"|"3178"|"2003"|"168"|"365"|"346"|"472"|"3112"|"3091"|"3064"|"245"|"432"|"244"|"483"|"433"|"527"|"2009"|"387"|"3084"|"532"|"492"|"530"|"3146"|"290"|"375"|"268"|"369"|"237"|"482"|"399"|"508"|"3117"|"3132"|"461"|"228"|"3130"|"3137"|"436"|"127"|"3148"|"397"|"263"|"152"|"3061"|"350"|"3115"|"3180"|"264"|"167"|"348"|"443"|"475"|"3224"|"3176"|"520"|"3181"|"308"|"441"|"3223"|"2022"|"334"|"386"|"398"|"519"|"3072"|"391"|"356"|"2000"|"3079"|"3125"|"495"|"339"|"298"|"318"|"405"|"400"|"3127"|"3135"|"313"|"355"|"366"|"383"|"501"|"79"|"453"|"312"|"3142"|"3160"|"3226"|"304"|"3105"|"324"|"218"|"300"|"517"|"3163"|"488"|"259"|"434"|"496"|"265"|"319"|"3109"|"521"|"262"|"426"|"500"|"525"|"3095"|"317"|"336"|"3056"|"522"|"3119"|"3087"|"251"|"128"|"372"|"3177"|"137"|"326"|"3083"|"3041"|"3126"|"528"|"3128"|"3049"|"248"|"297"|"291"|"444"|"3139"|"261"|"344"|"537"|"331"|"349"|"229"|"120"|"494"|"505"|"362"|"3052"|"3232"|"164"|"3108"|"463"|"3069"|"447"|"411"|"285"|"478"|"3179"|"342"|"507"|"260"|"3141"|"479"|"3144"|"466"|"3066"|"3118"|"3147"|"469"|"3086"|"301"|"345"|"2008"|"305"|"242"|"266"|"161"|"249"|"3055"|"484"|"3149"|"257"|"347"|"402"|"419"|"358"|"232"|"446"|"408"|"415"|"303"|"410"|"3081"|"545"|"416"|"456"|"3175"|"360"|"153"|"396"|"3094"|"498"|"421"|"418"|"376"|"315"|"3046"|"458"|"325"|"539"|"329"|"3124"|"327"|"212"|"82"|"217"|"3114"|"2012"|"3158"|"511"|"2010"|"352"|"150"|"320"|"281"|"412"|"428"|"280"|"157"|"3103"|"236"|"536"|"3107"|"3053"|"3065"|"534"|"284"|"316"|"403"|"465"|"509"|"414"|"116"|"337"|"489"|"146"|"515"|"467"|"282"|"267"|"423"|"3092"|"437"|"3150"|"3164"|"3057"|"144"|"510"|"457"|"3134"|"3102"|"174"|"323"|"343"|"3136"|"533"|"289"|"353"|"485"|"253"|"3043"|"72"|"3167"|"449"|"3221"|"3080"|"3093"|"474"|"380"|"491"|"314"|"422"|"480"|"328"|"524"|"276"|"258"|"439"|"3059"|"459"|"3088"|"385"|"477"|"417"|"497"|"3111"|"2005"|"2002"|"468"|"3170"|"361"|"476"|"3156"|"540"|"3230"|"377"|"3077"|"238"|"83"|"3075"|"294"|"3169"|"431"|"3121"|"471"|"384"|"233"|"3063"|"3071"|"243"|"516"|"357"|"2006"|"3104"|"309"|"514"|"499"|"2001"|"442"|"430"|"247"|"239"|"3166"|"440"|"3068"|"173"|"435"|"147"|"390"|"504"|"3062"|"3042"|"302"|"335"|"270"|"546"|"382"|"340"|"487"|"462"|"3047"|"526"|"393"|"3070"|"216"|"3110"|"473"|"322"|"3073"|"2004"|"3133"|"3050"|"3129"|"341"|"529"|"3145"|"241"|"388"|"225"|"513"|"389"|"368"|"3123"|"279"|"3159"|"481"|"450"|"278"|"254"|"351"|"427"|"518"|"250"|"401"|"2021"|"3076"|"394"|"3140"|"3048"|"274"|"486"|"3058"|"3120"|"3165"|"330"|"502"|"531"|"367"|"321"|"160"|"2023"|"195"
2015-10,463,"512"|"3054"|"3231"|"359"|"3067"|"395"|"143"|"3106"|"151"|"493"|"296"|"373"|"295"|"3172"|"3157"|"460"|"438"|"409"|"119"|"3002"|"3234"|"379"|"490"|"3074"|"445"|"252"|"224"|"310"|"503"|"363"|"392"|"3101"|"332"|"354"|"3229"|"3082"|"293"|"3113"|"455"|"454"|"2017"|"420"|"223"|"3116"|"306"|"3143"|"3097"|"275"|"448"|"307"|"470"|"3222"|"406"|"3044"|"3085"|"311"|"3098"|"3060"|"3090"|"523"|"364"|"3178"|"2003"|"168"|"365"|"346"|"472"|"3112"|"3091"|"3064"|"245"|"432"|"244"|"483"|"433"|"527"|"2009"|"387"|"3084"|"532"|"492"|"530"|"3146"|"290"|"375"|"268"|"369"|"237"|"482"|"399"|"508"|"3117"|"3132"|"461"|"228"|"3130"|"3137"|"436"|"127"|"3148"|"397"|"263"|"152"|"3061"|"350"|"3115"|"3180"|"264"|"167"|"348"|"443"|"475"|"3176"|"3224"|"520"|"308"|"441"|"3223"|"2022"|"334"|"386"|"3171"|"398"|"519"|"3072"|"391"|"356"|"3079"|"2000"|"3125"|"495"|"339"|"298"|"318"|"405"|"400"|"3127"|"3135"|"313"|"355"|"366"|"383"|"501"|"79"|"453"|"312"|"3142"|"3160"|"3226"|"304"|"3105"|"218"|"324"|"300"|"517"|"3163"|"3233"|"488"|"259"|"434"|"496"|"265"|"319"|"3109"|"521"|"262"|"426"|"500"|"525"|"3095"|"317"|"336"|"3056"|"522"|"3119"|"3087"|"251"|"372"|"3177"|"137"|"326"|"3083"|"3041"|"3126"|"528"|"3128"|"3049"|"248"|"297"|"291"|"444"|"3139"|"261"|"344"|"537"|"331"|"3173"|"229"|"120"|"494"|"505"|"362"|"3052"|"3232"|"164"|"3108"|"463"|"3069"|"447"|"411"|"285"|"478"|"3179"|"342"|"507"|"260"|"3141"|"479"|"3144"|"466"|"3066"|"3118"|"3147"|"469"|"3086"|"301"|"345"|"2008"|"305"|"242"|"266"|"249"|"161"|"3055"|"484"|"3149"|"3122"|"257"|"347"|"402"|"419"|"358"|"232"|"3237"|"446"|"408"|"415"|"303"|"3081"|"410"|"545"|"416"|"456"|"3175"|"360"|"396"|"3094"|"498"|"421"|"418"|"376"|"315"|"3046"|"458"|"325"|"539"|"3124"|"329"|"327"|"212"|"82"|"217"|"3114"|"2012"|"3158"|"511"|"2010"|"352"|"150"|"320"|"281"|"412"|"428"|"280"|"157"|"3103"|"236"|"536"|"3107"|"538"|"3053"|"3065"|"534"|"284"|"316"|"403"|"465"|"509"|"414"|"3155"|"116"|"337"|"489"|"146"|"515"|"467"|"282"|"267"|"423"|"3092"|"437"|"3150"|"3164"|"3057"|"144"|"510"|"457"|"3134"|"3102"|"174"|"323"|"343"|"3136"|"533"|"289"|"353"|"485"|"253"|"3043"|"72"|"3167"|"449"|"3080"|"3221"|"474"|"3093"|"380"|"3235"|"491"|"314"|"422"|"480"|"328"|"524"|"276"|"258"|"439"|"3059"|"459"|"3088"|"385"|"477"|"417"|"497"|"3111"|"2005"|"2002"|"468"|"3170"|"361"|"476"|"3156"|"540"|"3230"|"377"|"3077"|"238"|"83"|"3075"|"3169"|"3121"|"3099"|"471"|"384"|"233"|"3063"|"3071"|"243"|"516"|"357"|"2006"|"3104"|"309"|"514"|"499"|"2001"|"442"|"3162"|"430"|"247"|"239"|"3166"|"440"|"3068"|"173"|"435"|"147"|"390"|"504"|"3062"|"3042"|"302"|"335"|"270"|"3168"|"546"|"382"|"340"|"487"|"462"|"3047"|"526"|"393"|"216"|"3070"|"473"|"3110"|"322"|"3073"|"2004"|"3050"|"3129"|"341"|"529"|"3145"|"407"|"241"|"388"|"225"|"513"|"389"|"368"|"3123"|"279"|"3159"|"481"|"450"|"278"|"254"|"351"|"427"|"518"|"250"|"401"|"2021"|"3076"|"394"|"3140"|"3048"|"274"|"486"|"3058"|"3120"|"3165"|"330"|"502"|"531"|"367"|"321"|"160"|"2023"|"195"|"3161"
2015-11,467,"512"|"3054"|"3231"|"359"|"3106"|"395"|"3067"|"143"|"151"|"493"|"296"|"373"|"295"|"3172"|"3157"|"460"|"438"|"409"|"119"|"3002"|"3234"|"379"|"490"|"252"|"445"|"3074"|"224"|"310"|"503"|"363"|"392"|"3101"|"332"|"354"|"3229"|"3082"|"293"|"3113"|"3151"|"455"|"454"|"2017"|"420"|"223"|"3116"|"306"|"3143"|"3097"|"275"|"448"|"3222"|"470"|"307"|"406"|"3044"|"311"|"3085"|"3098"|"3060"|"3090"|"3089"|"523"|"364"|"3178"|"2003"|"168"|"365"|"346"|"472"|"3112"|"3091"|"3064"|"245"|"432"|"244"|"433"|"483"|"527"|"2009"|"387"|"3084"|"532"|"492"|"530"|"3146"|"290"|"375"|"268"|"369"|"237"|"482"|"399"|"508"|"3117"|"3132"|"461"|"228"|"3137"|"436"|"127"|"3148"|"397"|"263"|"152"|"3061"|"350"|"3115"|"3180"|"264"|"167"|"348"|"443"|"475"|"3176"|"3224"|"520"|"308"|"441"|"3223"|"2022"|"334"|"386"|"3171"|"398"|"519"|"3072"|"391"|"356"|"2000"|"3079"|"3125"|"495"|"339"|"298"|"405"|"400"|"3127"|"3135"|"313"|"355"|"366"|"383"|"501"|"79"|"453"|"312"|"3160"|"3226"|"3142"|"304"|"3105"|"324"|"218"|"300"|"517"|"3163"|"3233"|"488"|"259"|"434"|"496"|"265"|"319"|"3109"|"521"|"262"|"426"|"500"|"525"|"3095"|"317"|"336"|"3056"|"522"|"3119"|"3087"|"251"|"372"|"128"|"3177"|"137"|"326"|"3083"|"3041"|"3126"|"528"|"3128"|"3049"|"248"|"297"|"291"|"444"|"3139"|"261"|"344"|"537"|"331"|"3173"|"229"|"120"|"494"|"505"|"362"|"3052"|"3232"|"164"|"3108"|"463"|"3069"|"447"|"411"|"285"|"478"|"3179"|"342"|"507"|"260"|"3141"|"479"|"3144"|"466"|"3066"|"3118"|"3147"|"469"|"3086"|"301"|"345"|"2008"|"305"|"242"|"266"|"161"|"249"|"3055"|"484"|"3149"|"3122"|"257"|"347"|"402"|"419"|"358"|"3154"|"232"|"3237"|"446"|"408"|"415"|"303"|"410"|"3081"|"545"|"416"|"456"|"3175"|"360"|"396"|"3094"|"498"|"421"|"418"|"376"|"315"|"3046"|"458"|"325"|"539"|"3124"|"329"|"327"|"212"|"82"|"217"|"3114"|"2012"|"3158"|"511"|"2010"|"352"|"150"|"320"|"281"|"412"|"428"|"280"|"157"|"3103"|"236"|"536"|"3107"|"3053"|"3065"|"534"|"284"|"316"|"403"|"465"|"509"|"414"|"3155"|"116"|"337"|"489"|"146"|"515"|"467"|"282"|"267"|"423"|"3092"|"437"|"3150"|"3096"|"3164"|"3057"|"144"|"510"|"457"|"3134"|"3102"|"174"|"323"|"343"|"3136"|"533"|"289"|"353"|"485"|"253"|"3043"|"72"|"3167"|"449"|"3080"|"3221"|"474"|"3093"|"380"|"3235"|"491"|"314"|"422"|"480"|"328"|"524"|"276"|"258"|"439"|"3059"|"459"|"3088"|"385"|"477"|"417"|"497"|"3111"|"2005"|"2002"|"468"|"3170"|"361"|"476"|"3156"|"540"|"3078"|"3230"|"377"|"3077"|"238"|"83"|"3075"|"3169"|"3121"|"3099"|"471"|"384"|"233"|"3063"|"3071"|"243"|"516"|"357"|"2006"|"3104"|"309"|"514"|"499"|"2001"|"442"|"3162"|"430"|"247"|"239"|"3166"|"440"|"3068"|"173"|"147"|"435"|"390"|"504"|"3062"|"3042"|"302"|"335"|"3168"|"270"|"546"|"382"|"340"|"487"|"462"|"3047"|"526"|"393"|"216"|"3070"|"473"|"3110"|"322"|"3073"|"2004"|"3236"|"3050"|"3129"|"341"|"529"|"407"|"3145"|"241"|"388"|"225"|"513"|"389"|"368"|"3123"|"279"|"3159"|"481"|"450"|"278"|"254"|"351"|"427"|"518"|"250"|"401"|"2021"|"3076"|"394"|"3140"|"3048"|"486"|"274"|"3058"|"3120"|"3165"|"330"|"502"|"531"|"367"|"321"|"160"|"2023"|"195"|"3161"
2015-12,471,"512"|"3054"|"3231"|"359"|"143"|"395"|"3067"|"3106"|"151"|"493"|"296"|"373"|"295"|"3172"|"3157"|"460"|"438"|"409"|"119"|"3002"|"3234"|"379"|"490"|"252"|"445"|"224"|"3074"|"310"|"363"|"503"|"392"|"3101"|"332"|"354"|"3229"|"3082"|"293"|"3113"|"3151"|"455"|"454"|"2017"|"420"|"223"|"3116"|"306"|"3143"|"3097"|"275"|"448"|"307"|"470"|"3222"|"406"|"3044"|"311"|"3085"|"3098"|"3060"|"3090"|"3089"|"523"|"364"|"3178"|"2003"|"168"|"365"|"346"|"472"|"3112"|"3091"|"3064"|"245"|"432"|"244"|"433"|"483"|"527"|"2009"|"387"|"3084"|"532"|"492"|"530"|"3146"|"290"|"375"|"268"|"369"|"237"|"399"|"482"|"508"|"3117"|"3132"|"461"|"228"|"3137"|"436"|"127"|"3148"|"397"|"152"|"263"|"3061"|"350"|"3115"|"3180"|"264"|"3153"|"167"|"348"|"443"|"475"|"3176"|"3224"|"520"|"308"|"441"|"3223"|"2022"|"334"|"386"|"3171"|"398"|"519"|"3072"|"356"|"391"|"2000"|"3079"|"3125"|"495"|"339"|"298"|"405"|"400"|"3127"|"3135"|"313"|"355"|"366"|"383"|"501"|"79"|"453"|"312"|"3142"|"3160"|"3226"|"304"|"3105"|"218"|"324"|"300"|"517"|"3163"|"3233"|"488"|"259"|"434"|"496"|"265"|"319"|"3109"|"521"|"262"|"426"|"500"|"525"|"3095"|"317"|"336"|"3056"|"522"|"3119"|"3087"|"128"|"251"|"372"|"3177"|"137"|"326"|"3041"|"3083"|"3126"|"528"|"3128"|"3049"|"248"|"297"|"291"|"444"|"3139"|"261"|"344"|"537"|"331"|"3173"|"120"|"229"|"494"|"505"|"362"|"3052"|"3232"|"164"|"3108"|"463"|"3069"|"447"|"411"|"285"|"478"|"3179"|"342"|"507"|"260"|"3141"|"479"|"3144"|"466"|"3066"|"3118"|"3147"|"469"|"3086"|"301"|"345"|"2008"|"305"|"242"|"266"|"161"|"249"|"3055"|"484"|"3122"|"257"|"347"|"402"|"419"|"358"|"3154"|"232"|"3237"|"446"|"408"|"415"|"303"|"410"|"3081"|"545"|"416"|"456"|"3175"|"360"|"396"|"3094"|"498"|"421"|"418"|"376"|"315"|"3046"|"458"|"325"|"329"|"539"|"3124"|"327"|"212"|"82"|"217"|"3114"|"2012"|"3158"|"511"|"2010"|"352"|"150"|"320"|"281"|"412"|"428"|"280"|"157"|"3103"|"236"|"536"|"3107"|"3053"|"3065"|"534"|"284"|"316"|"403"|"465"|"509"|"414"|"3155"|"116"|"337"|"489"|"146"|"515"|"467"|"282"|"267"|"423"|"3092"|"437"|"3242"|"3150"|"3096"|"3164"|"3057"|"144"|"510"|"457"|"3134"|"3102"|"3138"|"174"|"323"|"343"|"3136"|"533"|"289"|"353"|"485"|"3241"|"253"|"3043"|"72"|"3167"|"449"|"3080"|"3221"|"474"|"3093"|"380"|"3235"|"491"|"314"|"422"|"480"|"328"|"524"|"276"|"258"|"439"|"3059"|"459"|"3088"|"385"|"477"|"417"|"497"|"3111"|"2005"|"2002"|"468"|"3170"|"361"|"476"|"3156"|"540"|"3078"|"3230"|"377"|"3077"|"238"|"83"|"3075"|"3169"|"3099"|"3121"|"3238"|"471"|"384"|"233"|"3063"|"3071"|"243"|"516"|"357"|"2006"|"3104"|"309"|"514"|"499"|"2001"|"442"|"3162"|"430"|"247"|"239"|"3166"|"440"|"3068"|"173"|"147"|"435"|"390"|"504"|"3062"|"3042"|"302"|"335"|"270"|"3168"|"546"|"382"|"340"|"487"|"462"|"3047"|"526"|"216"|"393"|"3070"|"322"|"473"|"3110"|"3073"|"2004"|"3236"|"3050"|"341"|"3129"|"529"|"407"|"3145"|"241"|"388"|"225"|"513"|"389"|"368"|"3123"|"279"|"3159"|"481"|"450"|"278"|"254"|"351"|"427"|"250"|"518"|"401"|"2021"|"3076"|"394"|"3140"|"3048"|"274"|"486"|"3058"|"3120"|"3165"|"330"|"502"|"531"|"367"|"321"|"160"|"2023"|"195"|"3161"
2016-01,472,"512"|"3054"|"3231"|"359"|"395"|"3106"|"143"|"3067"|"151"|"493"|"296"|"373"|"295"|"3172"|"3157"|"460"|"438"|"409"|"119"|"3002"|"3234"|"379"|"490"|"252"|"445"|"3074"|"224"|"310"|"363"|"503"|"392"|"3101"|"332"|"354"|"3229"|"3082"|"293"|"3113"|"3151"|"455"|"454"|"2017"|"420"|"223"|"3116"|"3143"|"306"|"3097"|"275"|"448"|"307"|"470"|"3222"|"406"|"3044"|"311"|"3085"|"3098"|"3060"|"3090"|"3089"|"523"|"364"|"3178"|"2003"|"168"|"365"|"346"|"472"|"3112"|"3091"|"3064"|"245"|"432"|"244"|"483"|"433"|"527"|"2009"|"387"|"3084"|"532"|"492"|"530"|"3146"|"375"|"268"|"369"|"237"|"399"|"482"|"508"|"3117"|"3132"|"461"|"3244"|"228"|"3137"|"436"|"127"|"3148"|"397"|"263"|"152"|"3061"|"3180"|"350"|"3115"|"264"|"3153"|"167"|"348"|"443"|"475"|"3176"|"3224"|"520"|"308"|"441"|"3223"|"2022"|"334"|"386"|"3171"|"398"|"519"|"3072"|"391"|"356"|"2000"|"3079"|"3125"|"495"|"339"|"298"|"405"|"400"|"3127"|"3135"|"313"|"355"|"366"|"383"|"3160"|"79"|"501"|"312"|"3142"|"3226"|"453"|"304"|"3105"|"324"|"300"|"517"|"3163"|"3233"|"488"|"259"|"434"|"496"|"265"|"319"|"3109"|"521"|"262"|"426"|"500"|"525"|"3095"|"317"|"336"|"3056"|"522"|"3119"|"3087"|"128"|"372"|"251"|"3177"|"137"|"326"|"3041"|"3083"|"3126"|"528"|"3128"|"3049"|"248"|"297"|"291"|"444"|"3139"|"261"|"344"|"537"|"331"|"3173"|"229"|"120"|"494"|"505"|"362"|"3052"|"3232"|"164"|"3108"|"463"|"3069"|"447"|"411"|"285"|"478"|"3179"|"342"|"507"|"260"|"3141"|"479"|"3144"|"466"|"3066"|"3118"|"3147"|"469"|"3086"|"301"|"345"|"2008"|"305"|"242"|"266"|"161"|"249"|"3055"|"484"|"3122"|"257"|"347"|"402"|"419"|"358"|"3154"|"232"|"3237"|"446"|"408"|"415"|"303"|"410"|"3081"|"545"|"416"|"456"|"3175"|"360"|"153"|"396"|"3094"|"498"|"421"|"418"|"376"|"315"|"3046"|"458"|"325"|"539"|"3124"|"329"|"327"|"212"|"82"|"217"|"3114"|"2012"|"3158"|"511"|"2010"|"352"|"150"|"320"|"281"|"412"|"428"|"280"|"157"|"3103"|"236"|"536"|"3107"|"3053"|"3065"|"534"|"284"|"316"|"403"|"465"|"509"|"414"|"3155"|"116"|"337"|"489"|"146"|"515"|"467"|"282"|"267"|"3092"|"437"|"3242"|"3150"|"3096"|"3164"|"3057"|"144"|"510"|"457"|"3134"|"3138"|"3102"|"174"|"323"|"343"|"3136"|"533"|"289"|"353"|"485"|"3241"|"253"|"3043"|"72"|"3167"|"449"|"3221"|"3080"|"3093"|"474"|"380"|"3235"|"491"|"314"|"422"|"480"|"328"|"524"|"276"|"258"|"439"|"3059"|"459"|"3088"|"385"|"477"|"417"|"497"|"3111"|"2005"|"2002"|"468"|"3170"|"476"|"361"|"3156"|"540"|"3078"|"3230"|"377"|"3077"|"238"|"83"|"3075"|"294"|"3169"|"3238"|"3099"|"3121"|"471"|"384"|"233"|"3063"|"3071"|"243"|"516"|"357"|"2006"|"3104"|"309"|"514"|"499"|"2001"|"442"|"3162"|"430"|"247"|"239"|"3166"|"440"|"3068"|"173"|"147"|"435"|"390"|"504"|"3062"|"3042"|"302"|"335"|"3168"|"270"|"546"|"382"|"340"|"487"|"462"|"3047"|"526"|"393"|"3070"|"216"|"473"|"3110"|"322"|"3073"|"3243"|"2004"|"3236"|"3050"|"3129"|"341"|"529"|"3145"|"407"|"241"|"388"|"225"|"513"|"389"|"368"|"3123"|"279"|"3159"|"481"|"450"|"278"|"254"|"351"|"427"|"518"|"250"|"401"|"2021"|"3076"|"394"|"3140"|"3048"|"274"|"486"|"3058"|"3120"|"3165"|"330"|"502"|"531"|"367"|"321"|"160"|"2023"|"195"|"3161"
2016-02,472,"512"|"3054"|"3231"|"359"|"143"|"395"|"3106"|"3067"|"151"|"493"|"296"|"373"|"295"|"3172"|"3157"|"460"|"438"|"409"|"119"|"3002"|"379"|"490"|"252"|"445"|"224"|"3074"|"310"|"503"|"363"|"392"|"3101"|"332"|"354"|"3229"|"3082"|"293"|"3113"|"3151"|"455"|"454"|"2017"|"420"|"223"|"3116"|"306"|"3143"|"3097"|"275"|"448"|"307"|"470"|"3222"|"406"|"3044"|"311"|"3085"|"3098"|"3060"|"3090"|"3089"|"523"|"364"|"3178"|"2003"|"168"|"365"|"346"|"472"|"3112"|"3091"|"3064"|"245"|"432"|"244"|"433"|"483"|"527"|"2009"|"387"|"3084"|"532"|"492"|"530"|"3146"|"375"|"369"|"268"|"237"|"399"|"482"|"508"|"3117"|"3132"|"461"|"3244"|"228"|"3137"|"436"|"3148"|"127"|"397"|"152"|"263"|"3061"|"3115"|"350"|"3180"|"264"|"3153"|"167"|"348"|"443"|"475"|"3224"|"3176"|"520"|"308"|"441"|"3223"|"2022"|"334"|"386"|"3171"|"398"|"519"|"3072"|"356"|"391"|"3079"|"2000"|"3125"|"495"|"339"|"298"|"405"|"400"|"3127"|"3135"|"313"|"355"|"366"|"501"|"3160"|"3142"|"453"|"312"|"383"|"3226"|"79"|"304"|"3105"|"324"|"300"|"517"|"3163"|"3233"|"488"|"259"|"434"|"496"|"265"|"319"|"3109"|"521"|"262"|"426"|"500"|"525"|"3095"|"317"|"336"|"3056"|"522"|"3119"|"3087"|"128"|"251"|"372"|"3177"|"137"|"326"|"3041"|"3083"|"3126"|"528"|"3128"|"3049"|"248"|"297"|"291"|"444"|"3139"|"261"|"344"|"537"|"331"|"349"|"3173"|"229"|"120"|"494"|"505"|"362"|"3052"|"3232"|"164"|"3108"|"463"|"3069"|"447"|"411"|"285"|"478"|"3179"|"342"|"507"|"260"|"3141"|"479"|"3144"|"466"|"3066"|"3118"|"3147"|"469"|"3086"|"301"|"345"|"2008"|"305"|"242"|"266"|"249"|"161"|"3055"|"484"|"3122"|"257"|"347"|"402"|"419"|"358"|"3154"|"232"|"3237"|"446"|"408"|"415"|"303"|"3081"|"410"|"545"|"416"|"456"|"3175"|"360"|"153"|"396"|"3094"|"498"|"421"|"418"|"376"|"315"|"3046"|"458"|"325"|"539"|"329"|"3124"|"327"|"212"|"82"|"217"|"3114"|"2012"|"3158"|"511"|"2010"|"352"|"150"|"320"|"281"|"412"|"428"|"280"|"157"|"3103"|"236"|"536"|"3107"|"3053"|"3065"|"534"|"284"|"316"|"403"|"465"|"509"|"414"|"3155"|"337"|"116"|"489"|"146"|"515"|"467"|"282"|"267"|"423"|"3092"|"3242"|"437"|"3150"|"3096"|"3164"|"3057"|"144"|"510"|"457"|"3134"|"3102"|"3138"|"174"|"323"|"343"|"3136"|"533"|"289"|"353"|"485"|"3241"|"253"|"3043"|"72"|"3167"|"449"|"3080"|"3221"|"3093"|"474"|"380"|"3235"|"491"|"314"|"422"|"480"|"328"|"524"|"276"|"258"|"439"|"3059"|"459"|"3088"|"385"|"477"|"417"|"497"|"3111"|"2005"|"2002"|"468"|"3170"|"476"|"361"|"3156"|"540"|"3078"|"3230"|"377"|"3077"|"238"|"83"|"3075"|"3169"|"3121"|"3238"|"3099"|"471"|"384"|"233"|"3063"|"3071"|"243"|"516"|"357"|"2006"|"3104"|"309"|"514"|"499"|"2001"|"442"|"3162"|"430"|"247"|"239"|"3166"|"440"|"3068"|"173"|"435"|"147"|"390"|"504"|"3062"|"3042"|"302"|"335"|"270"|"3168"|"546"|"382"|"340"|"487"|"462"|"3047"|"526"|"393"|"216"|"3070"|"3110"|"473"|"322"|"3073"|"3243"|"2004"|"3236"|"3050"|"3129"|"341"|"529"|"3145"|"407"|"241"|"388"|"225"|"513"|"389"|"368"|"3123"|"279"|"3159"|"481"|"450"|"278"|"254"|"351"|"427"|"250"|"518"|"401"|"2021"|"3076"|"394"|"3140"|"3048"|"274"|"486"|"3058"|"3120"|"3165"|"330"|"502"|"531"|"367"|"2023"|"160"|"321"|"195"|"3161"
2016-03,473,"3054"|"3231"|"359"|"143"|"395"|"3067"|"3106"|"151"|"493"|"296"|"373"|"295"|"3172"|"3157"|"460"|"438"|"409"|"119"|"3002"|"379"|"490"|"252"|"445"|"224"|"3074"|"310"|"363"|"503"|"3246"|"392"|"3101"|"332"|"354"|"3229"|"3082"|"293"|"3113"|"3151"|"455"|"454"|"2017"|"420"|"223"|"3116"|"306"|"3143"|"3097"|"275"|"448"|"307"|"470"|"3222"|"406"|"3044"|"311"|"3085"|"3098"|"3060"|"3090"|"3089"|"523"|"364"|"3178"|"2003"|"168"|"365"|"346"|"472"|"3112"|"3091"|"3064"|"245"|"432"|"244"|"433"|"483"|"527"|"2009"|"387"|"3084"|"532"|"492"|"530"|"3146"|"375"|"268"|"369"|"237"|"399"|"482"|"508"|"3117"|"3132"|"461"|"3244"|"228"|"3137"|"436"|"127"|"3148"|"397"|"152"|"263"|"3061"|"350"|"3115"|"3180"|"264"|"3153"|"167"|"348"|"443"|"475"|"3176"|"3224"|"520"|"308"|"441"|"3223"|"2022"|"334"|"386"|"3171"|"398"|"519"|"3072"|"356"|"391"|"2000"|"3079"|"3125"|"495"|"339"|"298"|"405"|"400"|"3127"|"3135"|"313"|"355"|"366"|"383"|"501"|"79"|"453"|"312"|"3142"|"3160"|"3226"|"304"|"3105"|"324"|"300"|"3016"|"517"|"3163"|"3233"|"488"|"259"|"434"|"496"|"265"|"319"|"3109"|"521"|"262"|"426"|"500"|"525"|"3095"|"317"|"336"|"3056"|"522"|"3119"|"3087"|"128"|"251"|"372"|"3177"|"137"|"326"|"3041"|"3083"|"3126"|"528"|"3128"|"3049"|"248"|"297"|"291"|"444"|"3139"|"261"|"344"|"537"|"331"|"349"|"3173"|"120"|"229"|"494"|"505"|"362"|"3052"|"3232"|"164"|"3108"|"463"|"3069"|"447"|"411"|"285"|"478"|"3179"|"342"|"507"|"260"|"3141"|"479"|"3144"|"466"|"3066"|"3118"|"3147"|"469"|"3086"|"301"|"345"|"2008"|"305"|"242"|"266"|"161"|"249"|"3055"|"484"|"3122"|"257"|"347"|"402"|"419"|"358"|"3154"|"232"|"3237"|"446"|"408"|"415"|"303"|"410"|"3081"|"545"|"416"|"456"|"3175"|"360"|"153"|"396"|"3094"|"498"|"421"|"418"|"376"|"315"|"3046"|"458"|"325"|"329"|"539"|"3124"|"327"|"212"|"82"|"217"|"3114"|"2012"|"3158"|"511"|"2010"|"352"|"150"|"320"|"281"|"412"|"428"|"280"|"157"|"3103"|"236"|"536"|"3107"|"3053"|"3065"|"534"|"284"|"316"|"465"|"509"|"414"|"3155"|"116"|"337"|"489"|"146"|"515"|"467"|"282"|"267"|"423"|"3092"|"437"|"3242"|"3150"|"3096"|"3164"|"3057"|"144"|"510"|"457"|"3134"|"3102"|"3138"|"174"|"323"|"343"|"3136"|"533"|"289"|"353"|"485"|"3241"|"253"|"3043"|"72"|"3167"|"449"|"3080"|"3221"|"474"|"3093"|"380"|"3235"|"491"|"314"|"422"|"480"|"328"|"524"|"276"|"258"|"439"|"3059"|"459"|"3088"|"385"|"477"|"417"|"497"|"3111"|"2005"|"2002"|"468"|"3170"|"361"|"476"|"3156"|"540"|"3078"|"3230"|"377"|"3077"|"238"|"83"|"3075"|"3169"|"3099"|"3121"|"3238"|"471"|"384"|"233"|"3063"|"3071"|"243"|"516"|"357"|"2006"|"3104"|"309"|"514"|"499"|"2001"|"442"|"3162"|"430"|"247"|"239"|"3166"|"440"|"3068"|"173"|"147"|"435"|"390"|"504"|"3062"|"3042"|"302"|"335"|"270"|"3168"|"546"|"382"|"340"|"487"|"3100"|"462"|"3047"|"526"|"216"|"393"|"3070"|"322"|"473"|"3110"|"3073"|"3243"|"2004"|"3236"|"3050"|"341"|"3129"|"529"|"407"|"3145"|"241"|"388"|"225"|"513"|"389"|"368"|"3123"|"279"|"3159"|"481"|"450"|"278"|"254"|"351"|"427"|"250"|"518"|"401"|"2021"|"3076"|"394"|"3140"|"3048"|"274"|"486"|"3058"|"3120"|"3165"|"330"|"502"|"531"|"367"|"321"|"160"|"2023"|"195"|"3161"
2016-04,472,"3054"|"3231"|"359"|"3067"|"395"|"3106"|"143"|"151"|"493"|"296"|"373"|"295"|"3172"|"3157"|"460"|"438"|"409"|"119"|"3002"|"379"|"490"|"252"|"445"|"224"|"3074"|"310"|"503"|"363"|"3246"|"392"|"3101"|"332"|"354"|"3229"|"3082"|"293"|"3113"|"3151"|"455"|"454"|"2017"|"420"|"223"|"3116"|"3143"|"306"|"3097"|"275"|"448"|"307"|"470"|"3222"|"406"|"3044"|"311"|"3085"|"3098"|"3060"|"3090"|"3089"|"523"|"364"|"3178"|"2003"|"168"|"365"|"346"|"472"|"3249"|"3112"|"3091"|"3064"|"245"|"432"|"244"|"483"|"433"|"527"|"2009"|"387"|"3084"|"532"|"492"|"530"|"3146"|"369"|"268"|"237"|"399"|"482"|"508"|"3117"|"3244"|"461"|"3132"|"228"|"3137"|"436"|"127"|"3148"|"397"|"263"|"152"|"3061"|"350"|"3115"|"3180"|"264"|"3153"|"167"|"348"|"443"|"475"|"3176"|"3224"|"520"|"308"|"441"|"3223"|"2022"|"334"|"386"|"3171"|"398"|"519"|"3072"|"356"|"391"|"3079"|"2000"|"3125"|"495"|"339"|"298"|"405"|"400"|"3127"|"3135"|"313"|"355"|"366"|"383"|"3142"|"3160"|"453"|"312"|"79"|"501"|"3226"|"304"|"3105"|"324"|"300"|"3016"|"517"|"3163"|"3233"|"488"|"259"|"434"|"496"|"265"|"319"|"3109"|"521"|"262"|"426"|"500"|"525"|"3095"|"317"|"336"|"3056"|"522"|"3119"|"3087"|"251"|"372"|"128"|"3177"|"137"|"326"|"3083"|"3041"|"3126"|"528"|"3128"|"3049"|"248"|"297"|"291"|"444"|"3139"|"261"|"344"|"537"|"331"|"349"|"3173"|"229"|"120"|"494"|"505"|"362"|"3052"|"3232"|"164"|"3108"|"463"|"3069"|"447"|"411"|"285"|"478"|"3179"|"342"|"507"|"260"|"3141"|"479"|"3144"|"466"|"3066"|"3118"|"3147"|"469"|"3086"|"301"|"345"|"2008"|"305"|"242"|"266"|"249"|"161"|"3055"|"484"|"3122"|"257"|"347"|"402"|"419"|"358"|"3154"|"232"|"3237"|"446"|"408"|"415"|"303"|"410"|"3081"|"545"|"416"|"456"|"3175"|"360"|"153"|"396"|"3094"|"498"|"421"|"418"|"376"|"315"|"3046"|"458"|"325"|"539"|"329"|"3124"|"327"|"212"|"82"|"217"|"3114"|"2012"|"3158"|"511"|"2010"|"352"|"150"|"320"|"281"|"412"|"428"|"280"|"157"|"3103"|"236"|"536"|"3107"|"3053"|"3065"|"534"|"284"|"316"|"465"|"509"|"414"|"3155"|"116"|"337"|"489"|"146"|"515"|"467"|"282"|"267"|"423"|"3092"|"3242"|"437"|"3150"|"3096"|"3164"|"3057"|"144"|"510"|"457"|"3134"|"3102"|"3138"|"174"|"323"|"343"|"3136"|"533"|"289"|"353"|"485"|"3241"|"253"|"3043"|"72"|"3167"|"449"|"3080"|"3221"|"474"|"3093"|"380"|"3235"|"491"|"422"|"480"|"328"|"524"|"276"|"258"|"439"|"3059"|"459"|"3088"|"385"|"477"|"417"|"497"|"3111"|"2005"|"2002"|"468"|"3170"|"3131"|"361"|"476"|"3156"|"540"|"3078"|"3230"|"377"|"3077"|"238"|"83"|"3075"|"3169"|"3238"|"3121"|"3099"|"471"|"384"|"233"|"3063"|"3071"|"243"|"516"|"357"|"2006"|"309"|"514"|"499"|"2001"|"442"|"3162"|"430"|"247"|"239"|"3166"|"440"|"3068"|"173"|"435"|"147"|"390"|"504"|"3062"|"3042"|"302"|"335"|"3168"|"270"|"546"|"382"|"340"|"487"|"3100"|"462"|"3047"|"526"|"393"|"216"|"3070"|"473"|"3110"|"322"|"3073"|"3243"|"2004"|"3236"|"3050"|"3129"|"341"|"529"|"3145"|"407"|"241"|"388"|"225"|"513"|"389"|"368"|"3123"|"279"|"3159"|"481"|"450"|"278"|"254"|"351"|"427"|"518"|"250"|"401"|"2021"|"3076"|"394"|"3140"|"3048"|"486"|"274"|"3058"|"3120"|"3165"|"330"|"502"|"531"|"367"|"2023"|"160"|"321"|"195"|"3161"
2016-05,475,"3054"|"3231"|"359"|"3067"|"3106"|"395"|"143"|"151"|"493"|"3182"|"296"|"373"|"295"|"3172"|"3157"|"460"|"438"|"409"|"119"|"3002"|"379"|"490"|"252"|"445"|"3074"|"224"|"310"|"503"|"363"|"3246"|"392"|"3101"|"332"|"354"|"3082"|"293"|"3113"|"3151"|"455"|"454"|"2017"|"420"|"223"|"3116"|"3143"|"306"|"3097"|"275"|"448"|"3222"|"470"|"307"|"406"|"3044"|"311"|"3085"|"3098"|"3060"|"3090"|"3089"|"523"|"364"|"3178"|"2003"|"168"|"365"|"346"|"472"|"3249"|"3112"|"3091"|"3064"|"245"|"432"|"244"|"433"|"483"|"527"|"2009"|"387"|"3084"|"532"|"492"|"530"|"3146"|"369"|"268"|"237"|"399"|"482"|"508"|"3117"|"3244"|"461"|"3132"|"228"|"3137"|"436"|"127"|"3148"|"397"|"263"|"152"|"3061"|"3115"|"350"|"3180"|"264"|"3153"|"167"|"348"|"443"|"475"|"3224"|"3176"|"520"|"308"|"441"|"3223"|"2022"|"334"|"386"|"3171"|"398"|"519"|"3072"|"391"|"356"|"3079"|"2000"|"3125"|"495"|"339"|"298"|"405"|"400"|"3127"|"3135"|"313"|"355"|"366"|"383"|"3142"|"79"|"453"|"501"|"3160"|"3226"|"312"|"304"|"3105"|"324"|"300"|"3016"|"517"|"3163"|"3233"|"488"|"259"|"434"|"496"|"265"|"319"|"3253"|"3109"|"521"|"262"|"426"|"500"|"525"|"3095"|"317"|"336"|"3056"|"522"|"3119"|"3087"|"251"|"128"|"372"|"3177"|"137"|"326"|"3083"|"3041"|"3126"|"528"|"3128"|"3049"|"248"|"297"|"291"|"444"|"3139"|"261"|"344"|"537"|"331"|"349"|"3173"|"229"|"120"|"494"|"505"|"362"|"3052"|"3232"|"164"|"3108"|"463"|"3069"|"447"|"411"|"285"|"478"|"3179"|"342"|"507"|"260"|"3141"|"479"|"3144"|"466"|"3066"|"3118"|"3147"|"469"|"3086"|"301"|"345"|"2008"|"305"|"242"|"266"|"161"|"249"|"3055"|"484"|"3122"|"257"|"347"|"402"|"419"|"358"|"3154"|"232"|"3237"|"446"|"408"|"415"|"303"|"410"|"3081"|"545"|"416"|"456"|"3175"|"360"|"153"|"396"|"3094"|"3255"|"498"|"421"|"418"|"376"|"315"|"3046"|"458"|"325"|"539"|"329"|"3124"|"327"|"212"|"82"|"217"|"3114"|"2012"|"3158"|"511"|"2010"|"352"|"150"|"320"|"281"|"412"|"428"|"280"|"157"|"3103"|"236"|"536"|"3107"|"3053"|"3065"|"534"|"284"|"316"|"465"|"509"|"414"|"3155"|"116"|"337"|"146"|"515"|"467"|"282"|"267"|"423"|"3092"|"437"|"3242"|"3150"|"3096"|"3164"|"3057"|"144"|"510"|"457"|"3134"|"3138"|"3102"|"174"|"323"|"343"|"3136"|"533"|"289"|"353"|"485"|"3241"|"253"|"3043"|"72"|"3167"|"449"|"3080"|"3221"|"3093"|"474"|"380"|"3235"|"491"|"422"|"480"|"328"|"524"|"276"|"258"|"439"|"3059"|"459"|"3088"|"385"|"477"|"417"|"497"|"3111"|"2005"|"2002"|"468"|"3170"|"3131"|"361"|"476"|"3156"|"540"|"3078"|"3230"|"377"|"3077"|"238"|"83"|"3075"|"3169"|"3238"|"3099"|"3121"|"471"|"384"|"233"|"3063"|"3071"|"243"|"516"|"357"|"2006"|"309"|"514"|"499"|"2001"|"3162"|"430"|"247"|"239"|"3166"|"440"|"3068"|"173"|"435"|"147"|"390"|"504"|"3062"|"3042"|"302"|"335"|"3168"|"270"|"546"|"382"|"340"|"487"|"3100"|"462"|"3047"|"526"|"393"|"216"|"3070"|"473"|"322"|"3110"|"3073"|"3243"|"2004"|"3236"|"3050"|"3129"|"341"|"529"|"3145"|"407"|"241"|"388"|"225"|"513"|"389"|"368"|"3252"|"3123"|"279"|"3159"|"481"|"450"|"278"|"254"|"351"|"3254"|"427"|"250"|"518"|"401"|"2021"|"3076"|"394"|"3140"|"3048"|"486"|"274"|"3058"|"3120"|"3165"|"330"|"502"|"531"|"367"|"2023"|"160"|"321"|"195"|"3161"|"3014"
2016-06,475,"3054"|"3231"|"359"|"395"|"143"|"3106"|"3067"|"151"|"493"|"3182"|"296"|"373"|"295"|"3172"|"3157"|"460"|"438"|"409"|"119"|"3002"|"379"|"490"|"3074"|"445"|"224"|"252"|"310"|"503"|"363"|"3246"|"392"|"3101"|"3152"|"332"|"354"|"3082"|"293"|"3113"|"3151"|"455"|"454"|"2017"|"3259"|"420"|"223"|"3116"|"306"|"3143"|"275"|"448"|"3222"|"470"|"307"|"406"|"3044"|"311"|"3085"|"3098"|"3060"|"3090"|"3089"|"523"|"364"|"3178"|"2003"|"168"|"365"|"346"|"472"|"3249"|"3112"|"3091"|"3064"|"245"|"432"|"244"|"483"|"433"|"2009"|"527"|"387"|"3084"|"532"|"492"|"530"|"3146"|"375"|"369"|"268"|"237"|"482"|"399"|"508"|"3117"|"3244"|"461"|"3132"|"228"|"3137"|"436"|"127"|"3148"|"397"|"152"|"263"|"3061"|"350"|"3115"|"3180"|"264"|"3153"|"167"|"348"|"443"|"475"|"3176"|"3224"|"520"|"308"|"441"|"3223"|"2022"|"334"|"386"|"3171"|"398"|"519"|"3072"|"391"|"356"|"3079"|"2000"|"3125"|"495"|"339"|"298"|"405"|"400"|"3127"|"3135"|"313"|"355"|"366"|"383"|"3160"|"3142"|"453"|"312"|"79"|"3226"|"501"|"304"|"3105"|"324"|"300"|"3016"|"517"|"3163"|"3233"|"488"|"259"|"434"|"496"|"265"|"319"|"3109"|"262"|"426"|"500"|"525"|"3095"|"317"|"336"|"3056"|"522"|"3119"|"3087"|"128"|"251"|"372"|"3177"|"137"|"326"|"3041"|"3083"|"3126"|"528"|"3128"|"3049"|"248"|"297"|"291"|"444"|"3139"|"261"|"344"|"537"|"331"|"349"|"3173"|"229"|"120"|"494"|"505"|"362"|"3052"|"3232"|"164"|"3108"|"3260"|"3069"|"447"|"411"|"285"|"478"|"3179"|"342"|"507"|"260"|"3141"|"479"|"3144"|"466"|"3066"|"3118"|"3147"|"469"|"3086"|"301"|"345"|"2008"|"305"|"242"|"266"|"161"|"249"|"3055"|"484"|"3122"|"257"|"347"|"402"|"419"|"358"|"3154"|"232"|"3237"|"446"|"408"|"415"|"303"|"410"|"3081"|"545"|"416"|"456"|"3175"|"360"|"153"|"396"|"3094"|"3255"|"498"|"421"|"418"|"376"|"315"|"3046"|"458"|"325"|"539"|"329"|"3124"|"327"|"212"|"82"|"217"|"3114"|"2012"|"3158"|"511"|"2010"|"352"|"150"|"320"|"281"|"412"|"428"|"280"|"157"|"3103"|"236"|"536"|"3107"|"3053"|"3065"|"534"|"284"|"316"|"465"|"509"|"414"|"3155"|"116"|"337"|"146"|"515"|"467"|"3256"|"282"|"267"|"423"|"3092"|"3242"|"437"|"3150"|"3096"|"3164"|"3057"|"144"|"510"|"457"|"3134"|"3102"|"3138"|"174"|"323"|"343"|"3136"|"533"|"289"|"353"|"485"|"3241"|"253"|"3043"|"72"|"3167"|"449"|"3080"|"3221"|"3093"|"474"|"380"|"3235"|"491"|"422"|"480"|"328"|"524"|"276"|"258"|"439"|"3059"|"459"|"3088"|"385"|"477"|"417"|"497"|"3111"|"2005"|"2002"|"468"|"3170"|"3131"|"476"|"361"|"3156"|"540"|"3078"|"3230"|"377"|"3077"|"238"|"83"|"3075"|"3169"|"3099"|"3238"|"3121"|"471"|"384"|"233"|"3063"|"3071"|"243"|"516"|"357"|"2006"|"309"|"514"|"499"|"2001"|"442"|"3162"|"430"|"247"|"239"|"3166"|"440"|"3068"|"173"|"147"|"435"|"390"|"504"|"3257"|"3062"|"3042"|"302"|"335"|"3168"|"270"|"546"|"382"|"340"|"487"|"3100"|"462"|"3047"|"526"|"393"|"3070"|"216"|"473"|"3110"|"322"|"3073"|"3243"|"2004"|"3236"|"3050"|"3129"|"341"|"529"|"3145"|"407"|"241"|"388"|"225"|"513"|"389"|"368"|"3123"|"279"|"3159"|"481"|"450"|"278"|"254"|"351"|"3254"|"427"|"250"|"518"|"401"|"2021"|"3076"|"394"|"3140"|"3048"|"486"|"274"|"3058"|"3120"|"3165"|"330"|"502"|"531"|"367"|"2023"|"321"|"195"|"3161"
2016-07,483,"3054"|"3231"|"359"|"395"|"3106"|"143"|"3067"|"151"|"493"|"3182"|"296"|"373"|"295"|"3172"|"3157"|"460"|"438"|"409"|"119"|"3002"|"379"|"490"|"3074"|"252"|"224"|"445"|"310"|"363"|"3246"|"503"|"392"|"3101"|"3152"|"332"|"354"|"3082"|"293"|"3113"|"3151"|"455"|"454"|"2017"|"3259"|"420"|"223"|"3116"|"306"|"3143"|"275"|"448"|"307"|"3222"|"470"|"406"|"3044"|"311"|"3085"|"3098"|"3060"|"3090"|"3089"|"523"|"364"|"3178"|"2003"|"168"|"365"|"3219"|"346"|"472"|"3249"|"3040"|"3112"|"3091"|"3258"|"3064"|"245"|"432"|"244"|"433"|"483"|"527"|"2009"|"387"|"3084"|"532"|"492"|"530"|"3146"|"268"|"369"|"237"|"482"|"399"|"508"|"3117"|"3132"|"461"|"3244"|"228"|"3137"|"436"|"127"|"3148"|"397"|"263"|"152"|"3061"|"350"|"3115"|"3180"|"264"|"3153"|"167"|"348"|"3036"|"443"|"475"|"3176"|"3224"|"520"|"308"|"441"|"3223"|"3263"|"2022"|"334"|"386"|"3171"|"398"|"519"|"3072"|"356"|"391"|"2000"|"3079"|"3125"|"495"|"339"|"298"|"400"|"3127"|"3135"|"313"|"355"|"366"|"383"|"3142"|"79"|"501"|"453"|"312"|"3160"|"3226"|"304"|"3105"|"324"|"300"|"3016"|"517"|"3163"|"3233"|"488"|"259"|"434"|"496"|"265"|"319"|"3264"|"3109"|"262"|"426"|"500"|"525"|"3095"|"317"|"336"|"3056"|"522"|"3119"|"3087"|"128"|"372"|"251"|"3177"|"137"|"326"|"3041"|"3083"|"3126"|"528"|"3128"|"3049"|"248"|"297"|"291"|"444"|"3139"|"261"|"344"|"537"|"331"|"349"|"3173"|"120"|"229"|"494"|"505"|"362"|"3052"|"3232"|"164"|"3108"|"3260"|"3069"|"447"|"411"|"285"|"478"|"3179"|"342"|"507"|"260"|"3141"|"479"|"3144"|"466"|"3017"|"3066"|"3118"|"3147"|"469"|"3086"|"301"|"345"|"2008"|"305"|"242"|"266"|"161"|"249"|"3055"|"484"|"3122"|"257"|"347"|"402"|"419"|"358"|"3154"|"232"|"3237"|"446"|"408"|"415"|"303"|"410"|"3081"|"545"|"416"|"456"|"3175"|"360"|"153"|"396"|"3094"|"3255"|"498"|"421"|"418"|"3265"|"376"|"315"|"3046"|"458"|"325"|"539"|"329"|"3124"|"327"|"212"|"82"|"217"|"3114"|"2012"|"3158"|"511"|"2010"|"352"|"150"|"320"|"281"|"412"|"428"|"280"|"157"|"3103"|"236"|"536"|"3107"|"3053"|"3065"|"534"|"284"|"316"|"465"|"509"|"414"|"3155"|"116"|"337"|"489"|"146"|"515"|"467"|"3256"|"282"|"267"|"423"|"3092"|"437"|"3242"|"3150"|"3096"|"3164"|"3057"|"144"|"510"|"457"|"3134"|"3102"|"3138"|"174"|"323"|"343"|"533"|"289"|"353"|"485"|"3241"|"253"|"3043"|"3266"|"72"|"3167"|"449"|"3080"|"3221"|"3093"|"474"|"380"|"3235"|"491"|"422"|"480"|"328"|"524"|"276"|"258"|"439"|"3059"|"459"|"3088"|"385"|"477"|"417"|"497"|"3111"|"2005"|"2002"|"468"|"3170"|"3131"|"476"|"361"|"3156"|"540"|"3078"|"3230"|"377"|"3077"|"238"|"83"|"3075"|"3169"|"3238"|"3099"|"3121"|"471"|"384"|"3063"|"3071"|"243"|"516"|"357"|"2006"|"309"|"514"|"499"|"2001"|"442"|"3162"|"430"|"247"|"239"|"3166"|"440"|"3068"|"255"|"173"|"435"|"147"|"390"|"504"|"3062"|"3042"|"302"|"335"|"3168"|"270"|"546"|"382"|"340"|"487"|"3250"|"3100"|"462"|"3047"|"526"|"393"|"3070"|"216"|"3110"|"322"|"473"|"3073"|"3243"|"2004"|"3236"|"3050"|"3129"|"341"|"529"|"3145"|"407"|"241"|"388"|"225"|"513"|"389"|"368"|"3123"|"279"|"3159"|"481"|"450"|"278"|"254"|"351"|"3254"|"427"|"518"|"250"|"401"|"2021"|"3076"|"394"|"3140"|"3048"|"486"|"274"|"3058"|"3120"|"3245"|"3165"|"330"|"502"|"531"|"367"|"2023"|"321"|"195"|"3161"
2016-08,574,"3417"|"3291"|"3054"|"3231"|"359"|"3282"|"3067"|"395"|"3106"|"143"|"151"|"493"|"3294"|"3182"|"296"|"373"|"295"|"3172"|"3157"|"460"|"3309"|"438"|"409"|"119"|"3290"|"3002"|"379"|"490"|"252"|"445"|"224"|"3074"|"3246"|"363"|"503"|"310"|"3101"|"3152"|"3420"|"332"|"354"|"3082"|"293"|"3341"|"3342"|"3113"|"3151"|"455"|"454"|"2017"|"3311"|"3259"|"3351"|"420"|"3116"|"306"|"3143"|"275"|"448"|"3413"|"307"|"470"|"3222"|"406"|"3044"|"3085"|"311"|"3098"|"3312"|"3060"|"3314"|"3090"|"3382"|"3089"|"523"|"3322"|"364"|"3178"|"2003"|"168"|"365"|"3219"|"346"|"3388"|"472"|"3249"|"3040"|"3112"|"3091"|"3258"|"3064"|"245"|"3392"|"432"|"244"|"433"|"483"|"3345"|"527"|"2009"|"387"|"3084"|"532"|"492"|"530"|"3146"|"268"|"369"|"237"|"482"|"399"|"508"|"3117"|"3244"|"461"|"3132"|"228"|"3137"|"3335"|"436"|"127"|"3148"|"397"|"263"|"152"|"3061"|"350"|"3180"|"3115"|"264"|"3339"|"3153"|"3331"|"167"|"348"|"3396"|"3398"|"443"|"475"|"3176"|"3224"|"520"|"308"|"441"|"3327"|"3263"|"3223"|"3403"|"2022"|"334"|"386"|"3286"|"3171"|"398"|"519"|"3072"|"391"|"356"|"2000"|"3079"|"3301"|"3125"|"495"|"339"|"298"|"3367"|"400"|"3127"|"3135"|"313"|"355"|"366"|"383"|"3142"|"79"|"453"|"312"|"3160"|"3226"|"501"|"3300"|"304"|"3105"|"324"|"300"|"3016"|"517"|"3368"|"3163"|"3233"|"3350"|"488"|"259"|"434"|"496"|"265"|"319"|"3364"|"3264"|"3109"|"262"|"3386"|"426"|"500"|"525"|"3415"|"3095"|"317"|"336"|"3422"|"3056"|"522"|"3119"|"3087"|"128"|"251"|"372"|"3177"|"3393"|"3315"|"137"|"3395"|"326"|"3041"|"3083"|"3126"|"528"|"3128"|"3402"|"3049"|"248"|"297"|"3353"|"291"|"444"|"3139"|"3425"|"261"|"3383"|"3313"|"344"|"537"|"3284"|"3310"|"331"|"349"|"3373"|"3173"|"3285"|"229"|"120"|"494"|"3307"|"505"|"3289"|"362"|"3052"|"3232"|"164"|"3308"|"3108"|"3260"|"3069"|"447"|"411"|"285"|"478"|"3179"|"342"|"3405"|"507"|"260"|"3141"|"479"|"3144"|"466"|"3066"|"3118"|"3147"|"469"|"3086"|"301"|"345"|"2008"|"305"|"242"|"3329"|"266"|"161"|"249"|"3379"|"3416"|"3055"|"484"|"3122"|"257"|"347"|"3363"|"402"|"419"|"358"|"3154"|"232"|"3306"|"3390"|"3298"|"3400"|"3237"|"446"|"408"|"415"|"303"|"410"|"3081"|"545"|"416"|"456"|"3175"|"360"|"153"|"3389"|"396"|"3094"|"3255"|"498"|"421"|"418"|"3265"|"376"|"315"|"3046"|"458"|"325"|"539"|"329"|"3124"|"327"|"212"|"82"|"217"|"3114"|"2012"|"3158"|"511"|"2010"|"352"|"3287"|"150"|"3323"|"320"|"281"|"412"|"428"|"280"|"157"|"3103"|"236"|"536"|"3411"|"3107"|"3357"|"3053"|"3065"|"534"|"284"|"316"|"465"|"509"|"414"|"3155"|"116"|"337"|"146"|"515"|"3320"|"3421"|"467"|"3391"|"3256"|"282"|"267"|"423"|"3427"|"3092"|"437"|"3242"|"3150"|"3394"|"3096"|"3164"|"3325"|"3361"|"3057"|"144"|"510"|"457"|"3134"|"3138"|"3102"|"174"|"323"|"343"|"533"|"289"|"353"|"485"|"3241"|"253"|"3043"|"3302"|"72"|"3167"|"449"|"3080"|"3221"|"474"|"3093"|"380"|"3235"|"491"|"422"|"3336"|"480"|"328"|"524"|"3340"|"276"|"258"|"3059"|"459"|"3088"|"385"|"477"|"417"|"3295"|"3330"|"3303"|"497"|"3111"|"2005"|"2002"|"468"|"3170"|"3131"|"3316"|"476"|"361"|"3156"|"540"|"3333"|"3078"|"3230"|"377"|"3077"|"238"|"83"|"3075"|"3169"|"3238"|"3121"|"3099"|"471"|"3292"|"3305"|"384"|"3063"|"3071"|"243"|"516"|"357"|"2006"|"3324"|"309"|"514"|"499"|"2001"|"3326"|"442"|"3162"|"430"|"247"|"3304"|"239"|"3166"|"440"|"3068"|"255"|"3343"|"173"|"435"|"147"|"390"|"504"|"3297"|"3062"|"3042"|"302"|"3408"|"335"|"3168"|"270"|"546"|"3321"|"3317"|"382"|"340"|"487"|"3250"|"3100"|"462"|"3047"|"526"|"393"|"216"|"3070"|"473"|"3110"|"322"|"3073"|"3243"|"2004"|"3387"|"3366"|"3236"|"3050"|"341"|"3129"|"3401"|"3288"|"529"|"3145"|"407"|"241"|"388"|"225"|"513"|"389"|"3419"|"3410"|"368"|"3123"|"279"|"3159"|"481"|"450"|"278"|"254"|"351"|"3254"|"427"|"518"|"401"|"2021"|"3076"|"394"|"3397"|"3140"|"3385"|"3048"|"486"|"274"|"3058"|"3120"|"3245"|"3165"|"330"|"502"|"531"|"367"|"3404"|"2023"|"321"|"195"|"3161"
2016-09,616,"3417"|"3291"|"3054"|"3231"|"359"|"3282"|"395"|"3067"|"143"|"3106"|"3355"|"151"|"493"|"3294"|"3182"|"296"|"373"|"295"|"3172"|"3157"|"460"|"3309"|"438"|"409"|"3290"|"119"|"3002"|"3338"|"379"|"490"|"252"|"3074"|"224"|"445"|"310"|"503"|"363"|"3246"|"392"|"3101"|"3152"|"3420"|"332"|"354"|"3082"|"3341"|"3342"|"3113"|"3151"|"455"|"454"|"2017"|"3311"|"3259"|"3435"|"3351"|"420"|"3116"|"3143"|"306"|"275"|"448"|"3413"|"307"|"470"|"3222"|"406"|"3044"|"311"|"3085"|"3098"|"3312"|"3060"|"3424"|"3314"|"3090"|"3382"|"3322"|"523"|"3089"|"364"|"3178"|"2003"|"168"|"365"|"3219"|"346"|"3388"|"472"|"3249"|"3040"|"3112"|"3091"|"3258"|"3064"|"245"|"3392"|"432"|"244"|"483"|"433"|"3345"|"527"|"2009"|"387"|"3084"|"532"|"530"|"492"|"3146"|"268"|"369"|"237"|"482"|"399"|"508"|"3117"|"3244"|"461"|"3132"|"228"|"3137"|"3428"|"3335"|"436"|"127"|"3148"|"397"|"263"|"152"|"3061"|"350"|"3115"|"3180"|"264"|"3339"|"3153"|"3331"|"167"|"348"|"3396"|"3398"|"3036"|"443"|"475"|"3224"|"3176"|"520"|"308"|"441"|"3327"|"3263"|"3403"|"3223"|"2022"|"334"|"386"|"3286"|"3171"|"398"|"519"|"3072"|"356"|"391"|"2000"|"3301"|"3079"|"3125"|"495"|"339"|"298"|"405"|"3367"|"400"|"3127"|"3135"|"313"|"355"|"3376"|"366"|"383"|"3142"|"501"|"453"|"312"|"3160"|"3226"|"79"|"3300"|"304"|"3105"|"324"|"3016"|"517"|"3368"|"3163"|"3233"|"3350"|"488"|"259"|"434"|"496"|"265"|"319"|"3364"|"3264"|"3109"|"3378"|"262"|"3386"|"426"|"500"|"525"|"3415"|"3095"|"317"|"336"|"3422"|"3056"|"522"|"3119"|"3087"|"128"|"251"|"372"|"3177"|"3393"|"3315"|"137"|"3395"|"326"|"3083"|"3041"|"3374"|"3126"|"528"|"3347"|"3128"|"3402"|"3049"|"248"|"297"|"3353"|"291"|"444"|"3139"|"3425"|"3412"|"261"|"3383"|"3313"|"344"|"537"|"3359"|"3328"|"3284"|"3310"|"331"|"349"|"3373"|"3173"|"3285"|"120"|"229"|"494"|"3307"|"505"|"3289"|"362"|"3052"|"3232"|"164"|"3308"|"3108"|"3260"|"3069"|"447"|"411"|"285"|"478"|"3179"|"342"|"3405"|"507"|"260"|"3141"|"479"|"3144"|"466"|"3431"|"3066"|"3118"|"3147"|"469"|"3086"|"301"|"345"|"2008"|"305"|"3329"|"242"|"266"|"161"|"249"|"3344"|"3416"|"3379"|"3293"|"3055"|"3283"|"3356"|"484"|"3122"|"257"|"347"|"3363"|"3332"|"402"|"419"|"358"|"3306"|"232"|"3390"|"3298"|"3400"|"3237"|"446"|"408"|"415"|"3384"|"303"|"410"|"3081"|"545"|"3434"|"416"|"456"|"3175"|"360"|"153"|"3389"|"396"|"3094"|"3255"|"498"|"421"|"418"|"3265"|"376"|"315"|"3430"|"3046"|"458"|"325"|"539"|"329"|"3124"|"327"|"212"|"82"|"217"|"3114"|"2012"|"3158"|"511"|"2010"|"352"|"3323"|"150"|"3287"|"320"|"281"|"412"|"428"|"3377"|"3429"|"3370"|"280"|"157"|"3103"|"236"|"536"|"3411"|"3107"|"3357"|"3053"|"3319"|"3065"|"534"|"284"|"316"|"465"|"509"|"414"|"3155"|"116"|"337"|"146"|"515"|"3320"|"3421"|"467"|"3391"|"3256"|"282"|"267"|"423"|"3427"|"3092"|"3242"|"437"|"3150"|"3394"|"3096"|"3164"|"3325"|"3361"|"3057"|"144"|"457"|"3134"|"3102"|"3138"|"174"|"323"|"343"|"3436"|"533"|"289"|"353"|"485"|"3241"|"253"|"3349"|"3043"|"3302"|"3266"|"72"|"3167"|"3365"|"449"|"3080"|"3221"|"474"|"3093"|"380"|"3235"|"491"|"3336"|"422"|"480"|"328"|"524"|"3340"|"276"|"258"|"3059"|"459"|"3088"|"385"|"477"|"3360"|"417"|"3295"|"3330"|"3303"|"497"|"3111"|"2005"|"2002"|"3409"|"468"|"3170"|"3131"|"3316"|"476"|"361"|"3156"|"540"|"3333"|"3078"|"3230"|"377"|"3077"|"238"|"83"|"3075"|"3169"|"3099"|"3238"|"3121"|"3432"|"471"|"3305"|"3292"|"384"|"3358"|"3063"|"3354"|"3071"|"243"|"3423"|"516"|"357"|"2006"|"3324"|"309"|"514"|"499"|"2001"|"3348"|"3326"|"442"|"3162"|"430"|"247"|"3304"|"3399"|"239"|"3166"|"3362"|"440"|"3068"|"255"|"3343"|"173"|"435"|"147"|"390"|"504"|"3297"|"3062"|"3375"|"3042"|"302"|"3408"|"335"|"3168"|"270"|"3381"|"546"|"3321"|"3317"|"382"|"340"|"487"|"3250"|"3100"|"462"|"3047"|"526"|"393"|"216"|"3070"|"3110"|"473"|"322"|"3073"|"3243"|"2004"|"3366"|"3387"|"3236"|"3050"|"3129"|"341"|"3401"|"3288"|"529"|"3145"|"407"|"241"|"388"|"225"|"513"|"389"|"3419"|"3410"|"368"|"3418"|"3123"|"279"|"3159"|"481"|"450"|"278"|"254"|"351"|"3254"|"427"|"518"|"401"|"2021"|"3076"|"394"|"3397"|"3140"|"3048"|"486"|"274"|"3058"|"3120"|"3414"|"3372"|"3245"|"3165"|"330"|"502"|"531"|"367"|"3404"|"321"|"2023"|"160"|"195"|"3161"
